{"number_studies": 6180, "first_study_date": "2005-03-10", "first_study_firstauthor": "Klein RJ", "first_study_pubmedid": 15761122, "last_study_date": "2022-12-07", "last_study_firstauthor": "Saunders GRB", "last_study_pubmedid": 36477530, "number_accessions": 65838, "number_diseasestraits": 52192, "number_mappedtrait": 9075, "found_associations": 458152, "average_associations": 6.9587776056380815, "mostcommon_journal": "Nat Commun", "unique_journals": 782, "noneuro_trait": "Type 2 diabetes", "average_pval": 13096719.271822782, "threshold_pvals": 353951, "big_n": 3820698, "large_accesion_firstauthor": "Choquet H", "large_accesion_pubmed": 34127677, "by_funder": {"All Funders": {"total_european": 95.28, "total_asian": 3.06, "total_african": 0.15, "total_othermixed": 0.7, "total_afamafcam": 0.49, "total_hisorlatinam": 0.33, "discovery_participants_european": 95.76, "discovery_participants_asian": 2.83, "discovery_participants_african": 0.13, "discovery_participants_othermixed": 0.66, "discovery_participants_afamafcam": 0.4, "discovery_participants_hisorlatinam": 0.22, "discovery_studies_european": 66.06, "discovery_studies_asian": 9.15, "discovery_studies_african": 1.34, "discovery_studies_othermixed": 3.75, "discovery_studies_afamafcam": 17.45, "discovery_studies_hisorlatinam": 2.26, "replication_participants_european": 85.53, "replication_participants_asian": 7.71, "replication_participants_african": 0.5, "replication_participants_othermixed": 1.46, "replication_participants_afamafcam": 2.35, "replication_participants_hisorlatinam": 2.46, "replication_studies_european": 52.84, "replication_studies_asian": 21.17, "replication_studies_african": 0.88, "replication_studies_othermixed": 1.46, "replication_studies_afamafcam": 12.37, "replication_studies_hisorlatinam": 11.28}, "NHLBI NIH HHS": {"total_european": 83.08, "total_asian": 5.77, "total_african": 1.0, "total_othermixed": 3.77, "total_afamafcam": 4.1, "total_hisorlatinam": 2.28, "discovery_participants_european": 84.21, "discovery_participants_asian": 4.4, "discovery_participants_african": 0.95, "discovery_participants_othermixed": 4.07, "discovery_participants_afamafcam": 4.5, "discovery_participants_hisorlatinam": 1.89, "discovery_studies_european": 30.88, "discovery_studies_asian": 6.05, "discovery_studies_african": 2.35, "discovery_studies_othermixed": 2.55, "discovery_studies_afamafcam": 53.26, "discovery_studies_hisorlatinam": 4.9, "replication_participants_european": 77.78, "replication_participants_asian": 12.23, "replication_participants_african": 1.25, "replication_participants_othermixed": 2.35, "replication_participants_afamafcam": 2.25, "replication_participants_hisorlatinam": 4.14, "replication_studies_european": 53.62, "replication_studies_asian": 15.43, "replication_studies_african": 3.11, "replication_studies_othermixed": 2.89, "replication_studies_afamafcam": 14.69, "replication_studies_hisorlatinam": 10.26}, "NCI NIH HHS": {"total_european": 84.3, "total_asian": 8.04, "total_african": 1.09, "total_othermixed": 1.35, "total_afamafcam": 2.51, "total_hisorlatinam": 2.71, "discovery_participants_european": 88.61, "discovery_participants_asian": 4.47, "discovery_participants_african": 1.38, "discovery_participants_othermixed": 1.43, "discovery_participants_afamafcam": 2.39, "discovery_participants_hisorlatinam": 1.72, "discovery_studies_european": 67.33, "discovery_studies_asian": 11.31, "discovery_studies_african": 5.04, "discovery_studies_othermixed": 3.6, "discovery_studies_afamafcam": 7.1, "discovery_studies_hisorlatinam": 5.63, "replication_participants_european": 74.79, "replication_participants_asian": 15.89, "replication_participants_african": 0.46, "replication_participants_othermixed": 1.17, "replication_participants_afamafcam": 2.77, "replication_participants_hisorlatinam": 4.91, "replication_studies_european": 60.89, "replication_studies_asian": 14.94, "replication_studies_african": 2.7, "replication_studies_othermixed": 2.79, "replication_studies_afamafcam": 12.06, "replication_studies_hisorlatinam": 6.62}, "Medical Research Council (UK)": {"total_european": NaN, "total_asian": NaN, "total_african": NaN, "total_othermixed": NaN, "total_afamafcam": NaN, "total_hisorlatinam": NaN, "discovery_participants_european": NaN, "discovery_participants_asian": NaN, "discovery_participants_african": NaN, "discovery_participants_othermixed": NaN, "discovery_participants_afamafcam": NaN, "discovery_participants_hisorlatinam": NaN, "discovery_studies_european": NaN, "discovery_studies_asian": NaN, "discovery_studies_african": NaN, "discovery_studies_othermixed": NaN, "discovery_studies_afamafcam": NaN, "discovery_studies_hisorlatinam": NaN, "replication_participants_european": NaN, "replication_participants_asian": NaN, "replication_participants_african": NaN, "replication_participants_othermixed": NaN, "replication_participants_afamafcam": NaN, "replication_participants_hisorlatinam": NaN, "replication_studies_european": NaN, "replication_studies_asian": NaN, "replication_studies_african": NaN, "replication_studies_othermixed": NaN, "replication_studies_afamafcam": NaN, "replication_studies_hisorlatinam": NaN}, "NIA NIH HHS": {"total_european": 86.05, "total_asian": 4.97, "total_african": 0.88, "total_othermixed": 1.09, "total_afamafcam": 4.99, "total_hisorlatinam": 2.02, "discovery_participants_european": 87.55, "discovery_participants_asian": 2.97, "discovery_participants_african": 0.91, "discovery_participants_othermixed": 1.22, "discovery_participants_afamafcam": 5.86, "discovery_participants_hisorlatinam": 1.5, "discovery_studies_european": 65.14, "discovery_studies_asian": 3.56, "discovery_studies_african": 1.0, "discovery_studies_othermixed": 1.24, "discovery_studies_afamafcam": 26.64, "discovery_studies_hisorlatinam": 2.42, "replication_participants_european": 81.21, "replication_participants_asian": 11.43, "replication_participants_african": 0.77, "replication_participants_othermixed": 0.7, "replication_participants_afamafcam": 2.17, "replication_participants_hisorlatinam": 3.72, "replication_studies_european": 64.95, "replication_studies_asian": 12.74, "replication_studies_african": 3.88, "replication_studies_othermixed": 1.56, "replication_studies_afamafcam": 9.87, "replication_studies_hisorlatinam": 7.0}, "NIDDK NIH HHS": {"total_european": 85.58, "total_asian": 5.63, "total_african": 0.86, "total_othermixed": 1.86, "total_afamafcam": 4.07, "total_hisorlatinam": 1.99, "discovery_participants_european": 87.36, "discovery_participants_asian": 4.01, "discovery_participants_african": 0.76, "discovery_participants_othermixed": 2.06, "discovery_participants_afamafcam": 4.45, "discovery_participants_hisorlatinam": 1.36, "discovery_studies_european": 25.92, "discovery_studies_asian": 5.39, "discovery_studies_african": 1.52, "discovery_studies_othermixed": 2.94, "discovery_studies_afamafcam": 60.0, "discovery_studies_hisorlatinam": 4.23, "replication_participants_european": 77.54, "replication_participants_asian": 13.0, "replication_participants_african": 1.32, "replication_participants_othermixed": 0.93, "replication_participants_afamafcam": 2.38, "replication_participants_hisorlatinam": 4.83, "replication_studies_european": 47.51, "replication_studies_asian": 18.78, "replication_studies_african": 4.39, "replication_studies_othermixed": 3.03, "replication_studies_afamafcam": 14.07, "replication_studies_hisorlatinam": 12.22}, "NIMH NIH HHS": {"total_european": 95.74, "total_asian": 1.21, "total_african": 0.25, "total_othermixed": 0.76, "total_afamafcam": 1.31, "total_hisorlatinam": 0.73, "discovery_participants_european": 97.59, "discovery_participants_asian": 0.88, "discovery_participants_african": 0.28, "discovery_participants_othermixed": 0.65, "discovery_participants_afamafcam": 0.3, "discovery_participants_hisorlatinam": 0.3, "discovery_studies_european": 76.53, "discovery_studies_asian": 5.87, "discovery_studies_african": 1.29, "discovery_studies_othermixed": 5.19, "discovery_studies_afamafcam": 6.15, "discovery_studies_hisorlatinam": 4.97, "replication_participants_european": 84.24, "replication_participants_asian": 3.28, "replication_participants_african": 0.04, "replication_participants_othermixed": 1.4, "replication_participants_afamafcam": 7.61, "replication_participants_hisorlatinam": 3.42, "replication_studies_european": 27.77, "replication_studies_asian": 24.51, "replication_studies_african": 0.14, "replication_studies_othermixed": 0.25, "replication_studies_afamafcam": 23.87, "replication_studies_hisorlatinam": 23.46}, "Wellcome Trust": {"total_european": 94.06, "total_asian": 3.6, "total_african": 0.25, "total_othermixed": 1.24, "total_afamafcam": 0.41, "total_hisorlatinam": 0.43, "discovery_participants_european": 94.49, "discovery_participants_asian": 3.13, "discovery_participants_african": 0.29, "discovery_participants_othermixed": 1.34, "discovery_participants_afamafcam": 0.33, "discovery_participants_hisorlatinam": 0.41, "discovery_studies_european": 80.69, "discovery_studies_asian": 8.57, "discovery_studies_african": 1.75, "discovery_studies_othermixed": 2.97, "discovery_studies_afamafcam": 3.12, "discovery_studies_hisorlatinam": 2.9, "replication_participants_european": 92.34, "replication_participants_asian": 5.49, "replication_participants_african": 0.1, "replication_participants_othermixed": 0.84, "replication_participants_afamafcam": 0.72, "replication_participants_hisorlatinam": 0.51, "replication_studies_european": 90.25, "replication_studies_asian": 5.25, "replication_studies_african": 0.56, "replication_studies_othermixed": 0.8, "replication_studies_afamafcam": 1.83, "replication_studies_hisorlatinam": 1.31}, "NHGRI NIH HHS": {"total_european": 73.9, "total_asian": 20.22, "total_african": 0.66, "total_othermixed": 1.09, "total_afamafcam": 2.69, "total_hisorlatinam": 1.44, "discovery_participants_european": 73.25, "discovery_participants_asian": 21.25, "discovery_participants_african": 0.67, "discovery_participants_othermixed": 1.09, "discovery_participants_afamafcam": 2.65, "discovery_participants_hisorlatinam": 1.08, "discovery_studies_european": 37.81, "discovery_studies_asian": 13.23, "discovery_studies_african": 2.74, "discovery_studies_othermixed": 4.26, "discovery_studies_afamafcam": 36.0, "discovery_studies_hisorlatinam": 5.96, "replication_participants_european": 80.66, "replication_participants_asian": 9.48, "replication_participants_african": 0.56, "replication_participants_othermixed": 1.07, "replication_participants_afamafcam": 3.12, "replication_participants_hisorlatinam": 5.11, "replication_studies_european": 48.94, "replication_studies_asian": 17.91, "replication_studies_african": 4.86, "replication_studies_othermixed": 2.5, "replication_studies_afamafcam": 15.02, "replication_studies_hisorlatinam": 10.77}, "NCRR NIH HHS": {"total_european": 82.56, "total_asian": 7.22, "total_african": 1.34, "total_othermixed": 2.47, "total_afamafcam": 3.83, "total_hisorlatinam": 2.58, "discovery_participants_european": 83.56, "discovery_participants_asian": 5.0, "discovery_participants_african": 1.73, "discovery_participants_othermixed": 3.14, "discovery_participants_afamafcam": 4.06, "discovery_participants_hisorlatinam": 2.5, "discovery_studies_european": 48.93, "discovery_studies_asian": 14.11, "discovery_studies_african": 6.73, "discovery_studies_othermixed": 5.76, "discovery_studies_afamafcam": 15.65, "discovery_studies_hisorlatinam": 8.84, "replication_participants_european": 80.59, "replication_participants_asian": 11.61, "replication_participants_african": 0.58, "replication_participants_othermixed": 1.13, "replication_participants_afamafcam": 3.36, "replication_participants_hisorlatinam": 2.74, "replication_studies_european": 45.52, "replication_studies_asian": 16.79, "replication_studies_african": 3.64, "replication_studies_othermixed": 3.73, "replication_studies_afamafcam": 21.46, "replication_studies_hisorlatinam": 8.86}, "NIAID NIH HHS": {"total_european": 77.88, "total_asian": 10.65, "total_african": 0.53, "total_othermixed": 4.78, "total_afamafcam": 2.59, "total_hisorlatinam": 3.57, "discovery_participants_european": 76.63, "discovery_participants_asian": 14.2, "discovery_participants_african": 0.59, "discovery_participants_othermixed": 0.73, "discovery_participants_afamafcam": 3.17, "discovery_participants_hisorlatinam": 4.67, "discovery_studies_european": 43.39, "discovery_studies_asian": 12.76, "discovery_studies_african": 5.92, "discovery_studies_othermixed": 8.35, "discovery_studies_afamafcam": 14.27, "discovery_studies_hisorlatinam": 15.31, "replication_participants_european": 81.49, "replication_participants_asian": 0.47, "replication_participants_african": 0.33, "replication_participants_othermixed": 16.39, "replication_participants_afamafcam": 0.9, "replication_participants_hisorlatinam": 0.43, "replication_studies_european": 63.35, "replication_studies_asian": 5.43, "replication_studies_african": 1.81, "replication_studies_othermixed": 5.88, "replication_studies_afamafcam": 15.84, "replication_studies_hisorlatinam": 7.69}, "NIAMS NIH HHS": {"total_european": 62.27, "total_asian": 33.85, "total_african": 0.86, "total_othermixed": 1.23, "total_afamafcam": 0.95, "total_hisorlatinam": 0.83, "discovery_participants_european": 52.89, "discovery_participants_asian": 42.73, "discovery_participants_african": 1.09, "discovery_participants_othermixed": 1.42, "discovery_participants_afamafcam": 1.01, "discovery_participants_hisorlatinam": 0.86, "discovery_studies_european": 48.28, "discovery_studies_asian": 25.8, "discovery_studies_african": 1.66, "discovery_studies_othermixed": 4.99, "discovery_studies_afamafcam": 12.96, "discovery_studies_hisorlatinam": 6.3, "replication_participants_european": 94.2, "replication_participants_asian": 3.61, "replication_participants_african": 0.09, "replication_participants_othermixed": 0.61, "replication_participants_afamafcam": 0.73, "replication_participants_hisorlatinam": 0.76, "replication_studies_european": 66.27, "replication_studies_asian": 15.87, "replication_studies_african": 1.19, "replication_studies_othermixed": 3.97, "replication_studies_afamafcam": 9.52, "replication_studies_hisorlatinam": 3.17}, "NIDA NIH HHS": {"total_european": 94.97, "total_asian": 1.35, "total_african": 0.18, "total_othermixed": 0.96, "total_afamafcam": 1.63, "total_hisorlatinam": 0.91, "discovery_participants_european": 96.95, "discovery_participants_asian": 1.05, "discovery_participants_african": 0.2, "discovery_participants_othermixed": 1.09, "discovery_participants_afamafcam": 0.43, "discovery_participants_hisorlatinam": 0.27, "discovery_studies_european": 95.57, "discovery_studies_asian": 1.21, "discovery_studies_african": 0.31, "discovery_studies_othermixed": 0.62, "discovery_studies_afamafcam": 1.39, "discovery_studies_hisorlatinam": 0.9, "replication_participants_european": 83.92, "replication_participants_asian": 3.01, "replication_participants_african": 0.04, "replication_participants_othermixed": 0.25, "replication_participants_afamafcam": 8.32, "replication_participants_hisorlatinam": 4.45, "replication_studies_european": 26.82, "replication_studies_asian": 24.09, "replication_studies_african": 0.2, "replication_studies_othermixed": 0.13, "replication_studies_afamafcam": 24.81, "replication_studies_hisorlatinam": 23.95}, "NCATS NIH HHS": {"total_european": 78.3, "total_asian": 6.39, "total_african": 0.99, "total_othermixed": 2.94, "total_afamafcam": 8.67, "total_hisorlatinam": 2.71, "discovery_participants_european": 78.94, "discovery_participants_asian": 4.32, "discovery_participants_african": 1.04, "discovery_participants_othermixed": 2.43, "discovery_participants_afamafcam": 10.59, "discovery_participants_hisorlatinam": 2.68, "discovery_studies_european": 38.96, "discovery_studies_asian": 7.28, "discovery_studies_african": 1.38, "discovery_studies_othermixed": 4.02, "discovery_studies_afamafcam": 42.45, "discovery_studies_hisorlatinam": 5.91, "replication_participants_european": 76.17, "replication_participants_asian": 13.36, "replication_participants_african": 0.8, "replication_participants_othermixed": 4.67, "replication_participants_afamafcam": 2.18, "replication_participants_hisorlatinam": 2.82, "replication_studies_european": 43.66, "replication_studies_asian": 18.3, "replication_studies_african": 4.2, "replication_studies_othermixed": 3.44, "replication_studies_afamafcam": 17.21, "replication_studies_hisorlatinam": 13.18}, "NIAAA NIH HHS": {"total_european": 92.99, "total_asian": 2.43, "total_african": 1.31, "total_othermixed": 0.04, "total_afamafcam": 1.24, "total_hisorlatinam": 1.98, "discovery_participants_european": 92.78, "discovery_participants_asian": 2.55, "discovery_participants_african": 1.45, "discovery_participants_othermixed": 0.01, "discovery_participants_afamafcam": 1.06, "discovery_participants_hisorlatinam": 2.15, "discovery_studies_european": 65.51, "discovery_studies_asian": 9.93, "discovery_studies_african": 2.96, "discovery_studies_othermixed": 1.57, "discovery_studies_afamafcam": 14.11, "discovery_studies_hisorlatinam": 5.92, "replication_participants_european": 94.85, "replication_participants_asian": 1.39, "replication_participants_african": 0, "replication_participants_othermixed": 0.32, "replication_participants_afamafcam": 2.92, "replication_participants_hisorlatinam": 0.52, "replication_studies_european": 66.38, "replication_studies_asian": 4.8, "replication_studies_african": 0, "replication_studies_othermixed": 1.75, "replication_studies_afamafcam": 24.45, "replication_studies_hisorlatinam": 2.62}, "NINDS NIH HHS": {"total_european": 86.14, "total_asian": 7.39, "total_african": 1.54, "total_othermixed": 1.58, "total_afamafcam": 1.39, "total_hisorlatinam": 1.95, "discovery_participants_european": 88.79, "discovery_participants_asian": 6.06, "discovery_participants_african": 1.03, "discovery_participants_othermixed": 1.62, "discovery_participants_afamafcam": 1.46, "discovery_participants_hisorlatinam": 1.05, "discovery_studies_european": 46.37, "discovery_studies_asian": 15.64, "discovery_studies_african": 2.3, "discovery_studies_othermixed": 11.21, "discovery_studies_afamafcam": 12.87, "discovery_studies_hisorlatinam": 11.61, "replication_participants_european": 75.81, "replication_participants_asian": 12.58, "replication_participants_african": 3.56, "replication_participants_othermixed": 1.46, "replication_participants_afamafcam": 1.11, "replication_participants_hisorlatinam": 5.48, "replication_studies_european": 47.79, "replication_studies_asian": 21.03, "replication_studies_african": 5.35, "replication_studies_othermixed": 4.98, "replication_studies_afamafcam": 11.81, "replication_studies_hisorlatinam": 9.04}, "NIGMS NIH HHS": {"total_european": 84.1, "total_asian": 4.98, "total_african": 1.26, "total_othermixed": 1.89, "total_afamafcam": 5.77, "total_hisorlatinam": 2.02, "discovery_participants_european": 85.48, "discovery_participants_asian": 2.45, "discovery_participants_african": 1.38, "discovery_participants_othermixed": 2.1, "discovery_participants_afamafcam": 6.87, "discovery_participants_hisorlatinam": 1.71, "discovery_studies_european": 35.33, "discovery_studies_asian": 6.29, "discovery_studies_african": 3.9, "discovery_studies_othermixed": 2.14, "discovery_studies_afamafcam": 48.4, "discovery_studies_hisorlatinam": 3.93, "replication_participants_european": 78.56, "replication_participants_asian": 15.09, "replication_participants_african": 0.75, "replication_participants_othermixed": 1.04, "replication_participants_afamafcam": 1.34, "replication_participants_hisorlatinam": 3.23, "replication_studies_european": 39.84, "replication_studies_asian": 15.69, "replication_studies_african": 7.0, "replication_studies_othermixed": 3.39, "replication_studies_afamafcam": 23.14, "replication_studies_hisorlatinam": 10.95}, "Cancer Research UK": {"total_european": 94.87, "total_asian": 2.73, "total_african": 0.12, "total_othermixed": 1.18, "total_afamafcam": 0.47, "total_hisorlatinam": 0.64, "discovery_participants_european": 94.92, "discovery_participants_asian": 2.86, "discovery_participants_african": 0.13, "discovery_participants_othermixed": 1.23, "discovery_participants_afamafcam": 0.21, "discovery_participants_hisorlatinam": 0.65, "discovery_studies_european": 54.58, "discovery_studies_asian": 12.95, "discovery_studies_african": 0.9, "discovery_studies_othermixed": 10.06, "discovery_studies_afamafcam": 10.8, "discovery_studies_hisorlatinam": 10.71, "replication_participants_european": 94.56, "replication_participants_asian": 1.92, "replication_participants_african": 0.05, "replication_participants_othermixed": 0.83, "replication_participants_afamafcam": 2.04, "replication_participants_hisorlatinam": 0.6, "replication_studies_european": 67.31, "replication_studies_asian": 17.17, "replication_studies_african": 1.94, "replication_studies_othermixed": 4.99, "replication_studies_afamafcam": 6.09, "replication_studies_hisorlatinam": 2.49}, "Intramural NIH HHS": {"total_european": 86.28, "total_asian": 5.93, "total_african": 1.92, "total_othermixed": 1.9, "total_afamafcam": 2.48, "total_hisorlatinam": 1.49, "discovery_participants_european": 88.54, "discovery_participants_asian": 3.39, "discovery_participants_african": 2.29, "discovery_participants_othermixed": 2.27, "discovery_participants_afamafcam": 2.47, "discovery_participants_hisorlatinam": 1.04, "discovery_studies_european": 79.66, "discovery_studies_asian": 5.58, "discovery_studies_african": 5.11, "discovery_studies_othermixed": 1.7, "discovery_studies_afamafcam": 4.67, "discovery_studies_hisorlatinam": 3.27, "replication_participants_european": 80.95, "replication_participants_asian": 11.94, "replication_participants_african": 1.04, "replication_participants_othermixed": 1.02, "replication_participants_afamafcam": 2.52, "replication_participants_hisorlatinam": 2.54, "replication_studies_european": 47.77, "replication_studies_asian": 15.73, "replication_studies_african": 4.69, "replication_studies_othermixed": 3.29, "replication_studies_afamafcam": 20.31, "replication_studies_hisorlatinam": 8.22}, "NICHD NIH HHS": {"total_european": 87.35, "total_asian": 4.98, "total_african": 1.08, "total_othermixed": 3.1, "total_afamafcam": 1.68, "total_hisorlatinam": 1.82, "discovery_participants_european": 87.32, "discovery_participants_asian": 4.72, "discovery_participants_african": 1.05, "discovery_participants_othermixed": 3.68, "discovery_participants_afamafcam": 1.44, "discovery_participants_hisorlatinam": 1.78, "discovery_studies_european": 50.83, "discovery_studies_asian": 16.42, "discovery_studies_african": 4.33, "discovery_studies_othermixed": 8.3, "discovery_studies_afamafcam": 10.51, "discovery_studies_hisorlatinam": 9.61, "replication_participants_european": 87.49, "replication_participants_asian": 6.06, "replication_participants_african": 1.18, "replication_participants_othermixed": 0.55, "replication_participants_afamafcam": 2.71, "replication_participants_hisorlatinam": 2.0, "replication_studies_european": 47.38, "replication_studies_asian": 15.23, "replication_studies_african": 7.85, "replication_studies_othermixed": 3.54, "replication_studies_afamafcam": 17.08, "replication_studies_hisorlatinam": 8.92}, "NEI NIH HHS": {"total_european": 86.02, "total_asian": 6.03, "total_african": 1.31, "total_othermixed": 0.42, "total_afamafcam": 2.55, "total_hisorlatinam": 3.66, "discovery_participants_european": 87.73, "discovery_participants_asian": 5.82, "discovery_participants_african": 2.03, "discovery_participants_othermixed": 0.42, "discovery_participants_afamafcam": 2.32, "discovery_participants_hisorlatinam": 1.67, "discovery_studies_european": 46.06, "discovery_studies_asian": 26.66, "discovery_studies_african": 3.31, "discovery_studies_othermixed": 3.31, "discovery_studies_afamafcam": 13.41, "discovery_studies_hisorlatinam": 7.26, "replication_participants_european": 83.84, "replication_participants_asian": 6.31, "replication_participants_african": 0.37, "replication_participants_othermixed": 0.43, "replication_participants_afamafcam": 2.85, "replication_participants_hisorlatinam": 6.21, "replication_studies_european": 41.99, "replication_studies_asian": 26.33, "replication_studies_african": 4.63, "replication_studies_othermixed": 3.2, "replication_studies_afamafcam": 17.08, "replication_studies_hisorlatinam": 6.76}, "Under 50 Studies": {"total_european": NaN, "total_asian": NaN, "total_african": NaN, "total_othermixed": NaN, "total_afamafcam": NaN, "total_hisorlatinam": NaN, "discovery_participants_european": NaN, "discovery_participants_asian": NaN, "discovery_participants_african": NaN, "discovery_participants_othermixed": NaN, "discovery_participants_afamafcam": NaN, "discovery_participants_hisorlatinam": NaN, "discovery_studies_european": NaN, "discovery_studies_asian": NaN, "discovery_studies_african": NaN, "discovery_studies_othermixed": NaN, "discovery_studies_afamafcam": NaN, "discovery_studies_hisorlatinam": NaN, "replication_participants_european": NaN, "replication_participants_asian": NaN, "replication_participants_african": NaN, "replication_participants_othermixed": NaN, "replication_participants_afamafcam": NaN, "replication_participants_hisorlatinam": NaN, "replication_studies_european": NaN, "replication_studies_asian": NaN, "replication_studies_african": NaN, "replication_studies_othermixed": NaN, "replication_studies_afamafcam": NaN, "replication_studies_hisorlatinam": NaN}, "British Heart Foundation": {"total_european": 90.29, "total_asian": 5.91, "total_african": 0.37, "total_othermixed": 1.78, "total_afamafcam": 0.83, "total_hisorlatinam": 0.82, "discovery_participants_european": 91.93, "discovery_participants_asian": 4.29, "discovery_participants_african": 0.35, "discovery_participants_othermixed": 2.06, "discovery_participants_afamafcam": 0.66, "discovery_participants_hisorlatinam": 0.7, "discovery_studies_european": 70.03, "discovery_studies_asian": 20.42, "discovery_studies_african": 1.08, "discovery_studies_othermixed": 1.58, "discovery_studies_afamafcam": 3.25, "discovery_studies_hisorlatinam": 3.64, "replication_participants_european": 81.42, "replication_participants_asian": 14.67, "replication_participants_african": 0.47, "replication_participants_othermixed": 0.28, "replication_participants_afamafcam": 1.72, "replication_participants_hisorlatinam": 1.44, "replication_studies_european": 51.51, "replication_studies_asian": 23.8, "replication_studies_african": 3.15, "replication_studies_othermixed": 1.51, "replication_studies_afamafcam": 13.22, "replication_studies_hisorlatinam": 6.8}, "NIEHS NIH HHS": {"total_european": 84.05, "total_asian": 8.6, "total_african": 1.24, "total_othermixed": 1.35, "total_afamafcam": 2.47, "total_hisorlatinam": 2.29, "discovery_participants_european": 87.41, "discovery_participants_asian": 5.08, "discovery_participants_african": 1.35, "discovery_participants_othermixed": 1.56, "discovery_participants_afamafcam": 2.39, "discovery_participants_hisorlatinam": 2.2, "discovery_studies_european": 56.32, "discovery_studies_asian": 13.78, "discovery_studies_african": 3.57, "discovery_studies_othermixed": 3.4, "discovery_studies_afamafcam": 11.29, "discovery_studies_hisorlatinam": 11.63, "replication_participants_european": 72.83, "replication_participants_asian": 20.36, "replication_participants_african": 0.85, "replication_participants_othermixed": 0.66, "replication_participants_afamafcam": 2.71, "replication_participants_hisorlatinam": 2.59, "replication_studies_european": 43.13, "replication_studies_asian": 14.96, "replication_studies_african": 4.58, "replication_studies_othermixed": 4.23, "replication_studies_afamafcam": 19.72, "replication_studies_hisorlatinam": 13.38}, "WHI NIH HHS": {"total_european": 73.61, "total_asian": 9.2, "total_african": 1.36, "total_othermixed": 0.73, "total_afamafcam": 8.42, "total_hisorlatinam": 6.67, "discovery_participants_european": 66.56, "discovery_participants_asian": 7.19, "discovery_participants_african": 2.14, "discovery_participants_othermixed": 1.5, "discovery_participants_afamafcam": 12.78, "discovery_participants_hisorlatinam": 9.83, "discovery_studies_european": 24.74, "discovery_studies_asian": 25.67, "discovery_studies_african": 4.57, "discovery_studies_othermixed": 8.79, "discovery_studies_afamafcam": 18.05, "discovery_studies_hisorlatinam": 18.17, "replication_participants_european": 80.21, "replication_participants_asian": 11.08, "replication_participants_african": 0.64, "replication_participants_othermixed": 0.01, "replication_participants_afamafcam": 4.34, "replication_participants_hisorlatinam": 3.72, "replication_studies_european": 32.52, "replication_studies_asian": 23.62, "replication_studies_african": 4.91, "replication_studies_othermixed": 0.31, "replication_studies_afamafcam": 24.54, "replication_studies_hisorlatinam": 14.11}, "PHS HHS": {"total_european": 90.23, "total_asian": 3.27, "total_african": 0.09, "total_othermixed": 0.68, "total_afamafcam": 5.27, "total_hisorlatinam": 0.46, "discovery_participants_european": 90.76, "discovery_participants_asian": 2.44, "discovery_participants_african": 0.08, "discovery_participants_othermixed": 0.72, "discovery_participants_afamafcam": 5.56, "discovery_participants_hisorlatinam": 0.45, "discovery_studies_european": 68.03, "discovery_studies_asian": 6.01, "discovery_studies_african": 1.2, "discovery_studies_othermixed": 4.81, "discovery_studies_afamafcam": 15.14, "discovery_studies_hisorlatinam": 4.81, "replication_participants_european": 89.35, "replication_participants_asian": 4.63, "replication_participants_african": 0.12, "replication_participants_othermixed": 0.61, "replication_participants_afamafcam": 4.8, "replication_participants_hisorlatinam": 0.48, "replication_studies_european": 69.62, "replication_studies_asian": 6.15, "replication_studies_african": 0.38, "replication_studies_othermixed": 6.15, "replication_studies_afamafcam": 13.08, "replication_studies_hisorlatinam": 4.62}, "NIDCR NIH HHS": {"total_european": 96.69, "total_asian": 0.75, "total_african": 0.59, "total_othermixed": 0.06, "total_afamafcam": 0.16, "total_hisorlatinam": 1.75, "discovery_participants_european": 97.06, "discovery_participants_asian": 0.34, "discovery_participants_african": 0.63, "discovery_participants_othermixed": 0.05, "discovery_participants_afamafcam": 0.14, "discovery_participants_hisorlatinam": 1.78, "discovery_studies_european": 85.53, "discovery_studies_asian": 2.79, "discovery_studies_african": 3.86, "discovery_studies_othermixed": 0.96, "discovery_studies_afamafcam": 1.22, "discovery_studies_hisorlatinam": 5.64, "replication_participants_european": 91.87, "replication_participants_asian": 6.03, "replication_participants_african": 0.08, "replication_participants_othermixed": 0.22, "replication_participants_afamafcam": 0.4, "replication_participants_hisorlatinam": 1.39, "replication_studies_european": 78.02, "replication_studies_asian": 13.36, "replication_studies_african": 0.86, "replication_studies_othermixed": 2.16, "replication_studies_afamafcam": 3.02, "replication_studies_hisorlatinam": 2.59}, "NIH (Other)": {"total_european": NaN, "total_asian": NaN, "total_african": NaN, "total_othermixed": NaN, "total_afamafcam": NaN, "total_hisorlatinam": NaN, "discovery_participants_european": NaN, "discovery_participants_asian": NaN, "discovery_participants_african": NaN, "discovery_participants_othermixed": NaN, "discovery_participants_afamafcam": NaN, "discovery_participants_hisorlatinam": NaN, "discovery_studies_european": NaN, "discovery_studies_asian": NaN, "discovery_studies_african": NaN, "discovery_studies_othermixed": NaN, "discovery_studies_afamafcam": NaN, "discovery_studies_hisorlatinam": NaN, "replication_participants_european": NaN, "replication_participants_asian": NaN, "replication_participants_african": NaN, "replication_participants_othermixed": NaN, "replication_participants_afamafcam": NaN, "replication_participants_hisorlatinam": NaN, "replication_studies_european": NaN, "replication_studies_asian": NaN, "replication_studies_african": NaN, "replication_studies_othermixed": NaN, "replication_studies_afamafcam": NaN, "replication_studies_hisorlatinam": NaN}, "Unclear": {"total_european": NaN, "total_asian": NaN, "total_african": NaN, "total_othermixed": NaN, "total_afamafcam": NaN, "total_hisorlatinam": NaN, "discovery_participants_european": NaN, "discovery_participants_asian": NaN, "discovery_participants_african": NaN, "discovery_participants_othermixed": NaN, "discovery_participants_afamafcam": NaN, "discovery_participants_hisorlatinam": NaN, "discovery_studies_european": NaN, "discovery_studies_asian": NaN, "discovery_studies_african": NaN, "discovery_studies_othermixed": NaN, "discovery_studies_afamafcam": NaN, "discovery_studies_hisorlatinam": NaN, "replication_participants_european": NaN, "replication_participants_asian": NaN, "replication_participants_african": NaN, "replication_participants_othermixed": NaN, "replication_participants_afamafcam": NaN, "replication_participants_hisorlatinam": NaN, "replication_studies_european": NaN, "replication_studies_asian": NaN, "replication_studies_african": NaN, "replication_studies_othermixed": NaN, "replication_studies_afamafcam": NaN, "replication_studies_hisorlatinam": NaN}, "Chief Scientist Office UK": {"total_european": NaN, "total_asian": NaN, "total_african": NaN, "total_othermixed": NaN, "total_afamafcam": NaN, "total_hisorlatinam": NaN, "discovery_participants_european": NaN, "discovery_participants_asian": NaN, "discovery_participants_african": NaN, "discovery_participants_othermixed": NaN, "discovery_participants_afamafcam": NaN, "discovery_participants_hisorlatinam": NaN, "discovery_studies_european": NaN, "discovery_studies_asian": NaN, "discovery_studies_african": NaN, "discovery_studies_othermixed": NaN, "discovery_studies_afamafcam": NaN, "discovery_studies_hisorlatinam": NaN, "replication_participants_european": NaN, "replication_participants_asian": NaN, "replication_participants_african": NaN, "replication_participants_othermixed": NaN, "replication_participants_afamafcam": NaN, "replication_participants_hisorlatinam": NaN, "replication_studies_european": NaN, "replication_studies_asian": NaN, "replication_studies_african": NaN, "replication_studies_othermixed": NaN, "replication_studies_afamafcam": NaN, "replication_studies_hisorlatinam": NaN}, "CIHR": {"total_european": 85.69, "total_asian": 5.09, "total_african": 0.04, "total_othermixed": 7.95, "total_afamafcam": 0.29, "total_hisorlatinam": 0.94, "discovery_participants_european": 84.62, "discovery_participants_asian": 5.41, "discovery_participants_african": 0.04, "discovery_participants_othermixed": 8.72, "discovery_participants_afamafcam": 0.29, "discovery_participants_hisorlatinam": 0.94, "discovery_studies_european": 69.17, "discovery_studies_asian": 7.69, "discovery_studies_african": 0.14, "discovery_studies_othermixed": 9.69, "discovery_studies_afamafcam": 6.81, "discovery_studies_hisorlatinam": 6.51, "replication_participants_european": 96.1, "replication_participants_asian": 2.08, "replication_participants_african": 0, "replication_participants_othermixed": 0.52, "replication_participants_afamafcam": 0.35, "replication_participants_hisorlatinam": 0.96, "replication_studies_european": 94.04, "replication_studies_asian": 1.74, "replication_studies_african": 0, "replication_studies_othermixed": 1.61, "replication_studies_afamafcam": 1.61, "replication_studies_hisorlatinam": 0.99}, "NIMHD NIH HHS": {"total_european": 67.83, "total_asian": 9.94, "total_african": 2.53, "total_othermixed": 1.93, "total_afamafcam": 13.94, "total_hisorlatinam": 3.84, "discovery_participants_european": 67.07, "discovery_participants_asian": 3.82, "discovery_participants_african": 3.28, "discovery_participants_othermixed": 2.95, "discovery_participants_afamafcam": 19.2, "discovery_participants_hisorlatinam": 3.68, "discovery_studies_european": 12.18, "discovery_studies_asian": 9.25, "discovery_studies_african": 3.8, "discovery_studies_othermixed": 5.52, "discovery_studies_afamafcam": 61.72, "discovery_studies_hisorlatinam": 7.54, "replication_participants_european": 69.21, "replication_participants_asian": 21.22, "replication_participants_african": 1.15, "replication_participants_othermixed": 0.06, "replication_participants_afamafcam": 4.24, "replication_participants_hisorlatinam": 4.12, "replication_studies_european": 25.38, "replication_studies_asian": 22.92, "replication_studies_african": 6.92, "replication_studies_othermixed": 1.23, "replication_studies_afamafcam": 28.92, "replication_studies_hisorlatinam": 14.62}, "Biotechnology and Biological Sciences Research Council": {"total_european": 84.66, "total_asian": 10.22, "total_african": 1.13, "total_othermixed": 0.82, "total_afamafcam": 1.51, "total_hisorlatinam": 1.66, "discovery_participants_european": 90.49, "discovery_participants_asian": 4.34, "discovery_participants_african": 1.31, "discovery_participants_othermixed": 1.17, "discovery_participants_afamafcam": 1.64, "discovery_participants_hisorlatinam": 1.06, "discovery_studies_european": 56.55, "discovery_studies_asian": 16.69, "discovery_studies_african": 4.69, "discovery_studies_othermixed": 1.1, "discovery_studies_afamafcam": 8.28, "discovery_studies_hisorlatinam": 12.69, "replication_participants_european": 70.99, "replication_participants_asian": 24.02, "replication_participants_african": 0.71, "replication_participants_othermixed": 0.0, "replication_participants_afamafcam": 1.22, "replication_participants_hisorlatinam": 3.07, "replication_studies_european": 42.86, "replication_studies_asian": 27.38, "replication_studies_african": 4.29, "replication_studies_othermixed": 0.24, "replication_studies_afamafcam": 12.38, "replication_studies_hisorlatinam": 12.86}, "Veterans Association": {"total_european": NaN, "total_asian": NaN, "total_african": NaN, "total_othermixed": NaN, "total_afamafcam": NaN, "total_hisorlatinam": NaN, "discovery_participants_european": NaN, "discovery_participants_asian": NaN, "discovery_participants_african": NaN, "discovery_participants_othermixed": NaN, "discovery_participants_afamafcam": NaN, "discovery_participants_hisorlatinam": NaN, "discovery_studies_european": NaN, "discovery_studies_asian": NaN, "discovery_studies_african": NaN, "discovery_studies_othermixed": NaN, "discovery_studies_afamafcam": NaN, "discovery_studies_hisorlatinam": NaN, "replication_participants_european": NaN, "replication_participants_asian": NaN, "replication_participants_african": NaN, "replication_participants_othermixed": NaN, "replication_participants_afamafcam": NaN, "replication_participants_hisorlatinam": NaN, "replication_studies_european": NaN, "replication_studies_asian": NaN, "replication_studies_african": NaN, "replication_studies_othermixed": NaN, "replication_studies_afamafcam": NaN, "replication_studies_hisorlatinam": NaN}, "NIBIB NIH HHS": {"total_european": 96.8, "total_asian": 1.27, "total_african": 0.91, "total_othermixed": 0.35, "total_afamafcam": 0.45, "total_hisorlatinam": 0.22, "discovery_participants_european": 96.07, "discovery_participants_asian": 1.58, "discovery_participants_african": 1.14, "discovery_participants_othermixed": 0.43, "discovery_participants_afamafcam": 0.53, "discovery_participants_hisorlatinam": 0.25, "discovery_studies_european": 46.25, "discovery_studies_asian": 16.22, "discovery_studies_african": 9.2, "discovery_studies_othermixed": 15.25, "discovery_studies_afamafcam": 7.26, "discovery_studies_hisorlatinam": 5.81, "replication_participants_european": 99.68, "replication_participants_asian": 0.05, "replication_participants_african": 0, "replication_participants_othermixed": 0.01, "replication_participants_afamafcam": 0.15, "replication_participants_hisorlatinam": 0.1, "replication_studies_european": 68.29, "replication_studies_asian": 7.32, "replication_studies_african": 0, "replication_studies_othermixed": 4.88, "replication_studies_afamafcam": 9.76, "replication_studies_hisorlatinam": 9.76}, "NLM NIH HHS": {"total_european": 86.99, "total_asian": 6.38, "total_african": 0.53, "total_othermixed": 2.79, "total_afamafcam": 1.92, "total_hisorlatinam": 1.4, "discovery_participants_european": 89.65, "discovery_participants_asian": 3.36, "discovery_participants_african": 0.64, "discovery_participants_othermixed": 3.63, "discovery_participants_afamafcam": 1.84, "discovery_participants_hisorlatinam": 0.88, "discovery_studies_european": 87.62, "discovery_studies_asian": 5.43, "discovery_studies_african": 1.72, "discovery_studies_othermixed": 0.76, "discovery_studies_afamafcam": 2.3, "discovery_studies_hisorlatinam": 2.17, "replication_participants_european": 78.68, "replication_participants_asian": 15.82, "replication_participants_african": 0.16, "replication_participants_othermixed": 0.16, "replication_participants_afamafcam": 2.15, "replication_participants_hisorlatinam": 3.03, "replication_studies_european": 78.93, "replication_studies_asian": 9.39, "replication_studies_african": 1.09, "replication_studies_othermixed": 0.66, "replication_studies_afamafcam": 6.0, "replication_studies_hisorlatinam": 3.93}, "FIC NIH HHS": {"total_european": 68.06, "total_asian": 20.91, "total_african": 1.76, "total_othermixed": 5.4, "total_afamafcam": 2.73, "total_hisorlatinam": 1.15, "discovery_participants_european": 65.46, "discovery_participants_asian": 19.4, "discovery_participants_african": 2.45, "discovery_participants_othermixed": 8.16, "discovery_participants_afamafcam": 2.89, "discovery_participants_hisorlatinam": 1.63, "discovery_studies_european": 18.18, "discovery_studies_asian": 28.28, "discovery_studies_african": 28.79, "discovery_studies_othermixed": 5.05, "discovery_studies_afamafcam": 12.37, "discovery_studies_hisorlatinam": 7.32, "replication_participants_european": 73.07, "replication_participants_asian": 23.81, "replication_participants_african": 0.41, "replication_participants_othermixed": 0.05, "replication_participants_afamafcam": 2.44, "replication_participants_hisorlatinam": 0.22, "replication_studies_european": 26.02, "replication_studies_asian": 23.47, "replication_studies_african": 5.1, "replication_studies_othermixed": 1.02, "replication_studies_afamafcam": 42.35, "replication_studies_hisorlatinam": 2.04}, "Arthritis Research UK": {"total_european": 96.59, "total_asian": 1.99, "total_african": 0.0, "total_othermixed": 1.38, "total_afamafcam": 0.04, "total_hisorlatinam": 0.01, "discovery_participants_european": 97.25, "discovery_participants_asian": 1.2, "discovery_participants_african": 0, "discovery_participants_othermixed": 1.51, "discovery_participants_afamafcam": 0.03, "discovery_participants_hisorlatinam": 0.01, "discovery_studies_european": 93.53, "discovery_studies_asian": 3.48, "discovery_studies_african": 0, "discovery_studies_othermixed": 1.49, "discovery_studies_afamafcam": 1.0, "discovery_studies_hisorlatinam": 0.5, "replication_participants_european": 94.12, "replication_participants_asian": 4.92, "replication_participants_african": 0, "replication_participants_othermixed": 0.86, "replication_participants_afamafcam": 0.09, "replication_participants_hisorlatinam": 0, "replication_studies_european": 79.41, "replication_studies_asian": 16.18, "replication_studies_african": 0, "replication_studies_othermixed": 2.94, "replication_studies_afamafcam": 1.47, "replication_studies_hisorlatinam": 0}, "European Research Council": {"total_european": 97.09, "total_asian": 0.91, "total_african": 0.04, "total_othermixed": 0.89, "total_afamafcam": 0.76, "total_hisorlatinam": 0.31, "discovery_participants_european": 97.7, "discovery_participants_asian": 0.72, "discovery_participants_african": 0.04, "discovery_participants_othermixed": 1.07, "discovery_participants_afamafcam": 0.34, "discovery_participants_hisorlatinam": 0.14, "discovery_studies_european": 79.27, "discovery_studies_asian": 2.71, "discovery_studies_african": 0.64, "discovery_studies_othermixed": 13.24, "discovery_studies_afamafcam": 1.44, "discovery_studies_hisorlatinam": 2.71, "replication_participants_european": 94.39, "replication_participants_asian": 1.75, "replication_participants_african": 0.06, "replication_participants_othermixed": 0.12, "replication_participants_afamafcam": 2.64, "replication_participants_hisorlatinam": 1.04, "replication_studies_european": 88.14, "replication_studies_asian": 3.56, "replication_studies_african": 1.58, "replication_studies_othermixed": 1.98, "replication_studies_afamafcam": 2.37, "replication_studies_hisorlatinam": 2.37}, "NCCDPHP CDC HHS": {"total_european": 83.56, "total_asian": 9.0, "total_african": 0.03, "total_othermixed": 4.78, "total_afamafcam": 0.23, "total_hisorlatinam": 2.39, "discovery_participants_european": 82.58, "discovery_participants_asian": 9.55, "discovery_participants_african": 0.03, "discovery_participants_othermixed": 5.08, "discovery_participants_afamafcam": 0.23, "discovery_participants_hisorlatinam": 2.53, "discovery_studies_european": 51.75, "discovery_studies_asian": 18.42, "discovery_studies_african": 2.63, "discovery_studies_othermixed": 9.65, "discovery_studies_afamafcam": 5.26, "discovery_studies_hisorlatinam": 12.28, "replication_participants_european": 99.49, "replication_participants_asian": 0, "replication_participants_african": 0.14, "replication_participants_othermixed": 0, "replication_participants_afamafcam": 0.28, "replication_participants_hisorlatinam": 0.09, "replication_studies_european": 86.36, "replication_studies_asian": 0, "replication_studies_african": 4.55, "replication_studies_othermixed": 0, "replication_studies_afamafcam": 4.55, "replication_studies_hisorlatinam": 4.55}, "CCR NIH HHS": {"total_european": 92.12, "total_asian": 2.62, "total_african": 1.97, "total_othermixed": 0.76, "total_afamafcam": 1.25, "total_hisorlatinam": 1.28, "discovery_participants_european": 94.51, "discovery_participants_asian": 1.17, "discovery_participants_african": 2.36, "discovery_participants_othermixed": 0.31, "discovery_participants_afamafcam": 0.73, "discovery_participants_hisorlatinam": 0.91, "discovery_studies_european": 63.74, "discovery_studies_asian": 3.3, "discovery_studies_african": 13.19, "discovery_studies_othermixed": 4.4, "discovery_studies_afamafcam": 7.69, "discovery_studies_hisorlatinam": 7.69, "replication_participants_european": 79.85, "replication_participants_asian": 10.03, "replication_participants_african": 0, "replication_participants_othermixed": 3.07, "replication_participants_afamafcam": 3.89, "replication_participants_hisorlatinam": 3.17, "replication_studies_european": 62.79, "replication_studies_asian": 9.3, "replication_studies_african": 0, "replication_studies_othermixed": 11.63, "replication_studies_afamafcam": 11.63, "replication_studies_hisorlatinam": 4.65}, "Howard Hughes Medical Institute": {"total_european": 98.55, "total_asian": 0.26, "total_african": 0.95, "total_othermixed": 0.1, "total_afamafcam": 0.05, "total_hisorlatinam": 0.08, "discovery_participants_european": 98.79, "discovery_participants_asian": 0.08, "discovery_participants_african": 1.0, "discovery_participants_othermixed": 0.07, "discovery_participants_afamafcam": 0.02, "discovery_participants_hisorlatinam": 0.04, "discovery_studies_european": 94.12, "discovery_studies_asian": 0.49, "discovery_studies_african": 4.02, "discovery_studies_othermixed": 0.62, "discovery_studies_afamafcam": 0.37, "discovery_studies_hisorlatinam": 0.37, "replication_participants_european": 95.4, "replication_participants_asian": 2.72, "replication_participants_african": 0.32, "replication_participants_othermixed": 0.55, "replication_participants_afamafcam": 0.4, "replication_participants_hisorlatinam": 0.61, "replication_studies_european": 81.13, "replication_studies_asian": 9.43, "replication_studies_african": 1.42, "replication_studies_othermixed": 4.25, "replication_studies_afamafcam": 2.36, "replication_studies_hisorlatinam": 1.42}, "Versus Arthritis": {"total_european": 92.91, "total_asian": 6.94, "total_african": 0.0, "total_othermixed": 0.12, "total_afamafcam": 0.04, "total_hisorlatinam": 0.0, "discovery_participants_european": 90.24, "discovery_participants_asian": 9.67, "discovery_participants_african": 0.0, "discovery_participants_othermixed": 0.04, "discovery_participants_afamafcam": 0.06, "discovery_participants_hisorlatinam": 0, "discovery_studies_european": 88.03, "discovery_studies_asian": 6.84, "discovery_studies_african": 0.85, "discovery_studies_othermixed": 2.56, "discovery_studies_afamafcam": 1.71, "discovery_studies_hisorlatinam": 0, "replication_participants_european": 98.46, "replication_participants_asian": 1.25, "replication_participants_african": 0, "replication_participants_othermixed": 0.29, "replication_participants_afamafcam": 0, "replication_participants_hisorlatinam": 0, "replication_studies_european": 83.64, "replication_studies_asian": 12.73, "replication_studies_african": 0, "replication_studies_othermixed": 3.64, "replication_studies_afamafcam": 0, "replication_studies_hisorlatinam": 0}, "Parkinson's UK": {"total_european": 86.51, "total_asian": 1.22, "total_african": 0.49, "total_othermixed": 9.72, "total_afamafcam": 0.14, "total_hisorlatinam": 1.91, "discovery_participants_european": 87.86, "discovery_participants_asian": 1.71, "discovery_participants_african": 0.69, "discovery_participants_othermixed": 6.89, "discovery_participants_afamafcam": 0.19, "discovery_participants_hisorlatinam": 2.66, "discovery_studies_european": 58.02, "discovery_studies_asian": 14.81, "discovery_studies_african": 4.94, "discovery_studies_othermixed": 8.64, "discovery_studies_afamafcam": 7.41, "discovery_studies_hisorlatinam": 6.17, "replication_participants_european": 83.19, "replication_participants_asian": 0.03, "replication_participants_african": 0, "replication_participants_othermixed": 16.71, "replication_participants_afamafcam": 0.03, "replication_participants_hisorlatinam": 0.05, "replication_studies_european": 79.17, "replication_studies_asian": 4.17, "replication_studies_african": 0, "replication_studies_othermixed": 8.33, "replication_studies_afamafcam": 4.17, "replication_studies_hisorlatinam": 4.17}}, "timeupdated": "2023-01-03 14:58:09", "unmapped_diseases": 4}