{"UK Medical Research Council": "Medical Research Council (UK)",
 "Medical Research Council UK": "Medical Research Council (UK)",
 "Medical Research Council": "Medical Research Council (UK)",
 "MRC": "Medical Research Council (UK)",
 "CIHR Foundation Grant": "CIHR",
 "Chief Scientist Office": "Chief Scientist Office UK",
 "David Conti is supported by the following NIH": "NIH (Other)",
 "H2020 European Research Council": "Horizon 2020",
 "European Union Horizon 2020 Research and Innovation Programme": "Horizon 2020",
 "Horizon 2020 - Research and Innovation Framework Programme": "Horizon 2020",
 "James R Cerhan is supported by NIH grants": "NIH (Other)",
 "Levelhulm Trust": "Leverhulme Trust",
 "VA Medical Research Service": "Veterans Affairs",
 "National Center for Advancing Translational Sciences, CTSI": "NCATS NIH HHS",
 "National Center for Advancing Translational Studies": "NCATS NIH HHS",
 "U.S. Department of Health and Human Services | NIH | National Center for Advancing Translational Sciences": "NCATS NIH HHS",
 "NHGRI": "NHGRI NIH HHS",
 "NHGRI Gene Environment Association Studies": "NHGRI NIH HHS",
 "U.S. Department of Health and Human Services | NIH | National Human Genome Research Institute": "NHGRI NIH HHS",
 "National Heart, Lung, and Blood Institute": "NHLBI NIH HHS",
 "National Heart, Lung, and Blood Institute, National Institutes of Health, U.S. Department of Health and Human Services through contracts": "NHLBI NIH HHS",
 "National Heart, Lung, and Blood Institutes": "NHLBI NIH HHS",
 "U.S. Department of Health and Human Services | NIH | National Heart, Lung, and Blood Institute": "NHLBI NIH HHS",
 "NIH/NHLBI": "NHLBI NIH HHS",
 "NHLBI": "NHLBI NIH HHS",
 "NHLBI Candidate-Gene Association Resource": "NHLBI NIH HHS",
 "U.S. Department of Health and Human Services | NIH | National Institute on Aging": "NIA NIH HHS",
 "NIAAA Division of Intramural Clinical and Biological Research": "NIAAA NIH HHS",
 "U.S. Department of Health and Human Services | NIH | National Cancer Institute": "NCI NIH HHS",
 "NCI": "NCI NIH HHS",
 "NIAAA Division of Intramural Clinical and Biological Research": "NIAAA NIH HHS",
 "U.S. Department of Health and Human Services | NIH | National Center for Research Resources": "NCRR NIH HHS",
 "National Health and Medical Research Council": "NHMRC",
 "National Institute of Allergy and Infectious Diseases": "NIAID NIH HHS",
 "US National Institutes of Health, National Institute on Drug Abuse": "NIDA NIH HHS",
 "NIDA": "NIDA NIH HHS",
 "U.S. Department of Health and Human Services | NIH | Center for Scientific Review": "CSR NIH HHS",
 "National Institutes of Drug Abuse": "NIDA NIH HHS",
 "U.S. Department of Health and Human Services | NIH | National Institute of Dental and Craniofacial Research": "NIDCR NIH HHS",
 "U.S. Department of Health and Human Services | NIH | National Institute of Diabetes and Digestive and Kidney Diseases": "NIDDK NIH HHS",
 "U.S. Department of Health and Human Services | NIH | National Institute of Environmental Health Sciences": "NIEHS NIH HHS",
 "NIH HHS": "NIH (Other)",
 "U.S. Department of Health and Human Services | National Institutes of Health": "NIH (Other)",
 "National Institutes of Health": "NIH (Other)",
 "NIH National Institute of Neurological Diseases and Stroke": "NINDS NIH HHS",
 "The National Institute of Neurological Disorders and Stroke": "NINDS NIH HHS",
 "National Institutes of Neurological Diseases and Stroke": "NINDS NIH HHS",
 "NIMH": "NIMH NIH HHS",
 "U.S. Department of Health and Human Services | NIH | National Institute of Mental Health": "NIMH NIH HHS",
 "National Institutes of Mental Health": "NIMH NIH HHS",
 "U.S. Department of Health and Human Services | NIH | National Institute of Mental Health": "NIMH NIH HHS",
 "National Institute for Health Research": "NIHR",
 "National Institute for Health Research University College London Hospitals Biomedical Research Centre": "NIHR",
 "CSRD VA": "Veterans Association",
 "CSP VA": "Veterans Association",
 "BLRD VA": "Veterans Association",
 "HSRD VA": "Veterans Association",
 "RRD VA": "Veterans Association",
 "National Center for Global Health and Medicine": "NCGM",
 "Canadian Institutes of Health Research": "CIHR",
 "Eunice Kennedy Shriver National Institute of Child Health and Human Development": "NICHD NIH HHS",
 "Intramural VA": "Veterans Association",
 "NHMRC": "NHMRC Fellowship Scheme",
 "Department for Health UK": "Unclear",
 "Department for International Development": "Unclear",
 "Department of Defense": "Unclear",
 "Department of Health": "Unclear",
 "EC | Directorate-General for Employment, Social Affairs and Inclusion | European Social Fund": "European Social Fund",
 "EC | Seventh Framework Programme": "EU framework program",
 "Biological Sciences Division at the University of Chicago": "University of Chicago",
 "Biomedicum Helsinki Foundation, and Doctoral Program in Biomedicine, University of Helsinki": "University of Helsinki",
 "NHMRC Fellowship Scheme": "NHMRC",
 "NSF grant": "National Science Foundation",
 "National Centre for the Replacement, Refinement and Reduction of Animals in Research": "NC3Rs NIH HHS",
 "Natural Science Foundation of Jiangsu province of China": "National Science Foundation (China)",
 "Natural Science Foundation of Tianjin City": "National Science Foundation (China)",
 "Office of Extramural Research, National Institutes of Health": "OER NIH HSS",
 "RCUK | MRC | Medical Research Foundation": "Medical Research Council (UK)",
 "RCUK | Medical Research Council": "Medical Research Council (UK)",
 "Spanish Ministry of Economy and Competitiveness-Carlos III Institute of Health cofunded by FEDER funds/European Regional Develpment Fund -a way to build Europe": "Unclear",
 "Wellcome Trust Career Development Fellowship": "Wellcome Trust",
 "United States": "Unclear",
 "U.S. Department of Health and Human Services | U.S. Public Health Service": "Unclear",
 "Nicola Camp reports support from": "Unclear",
 "Free State of Saxony": "Unclear",
 "BBSRC": "Biotechnology and Biological Sciences Research Council",
 "Partial support for all datasets within the UPDB is provided by the Huntsman Cancer Institute and the HCI Comprehensive Cancer Center Support grant": "HCI Comprehensive Cancer Center",
 "Federal Ministry of Education and Research of the Federal Republic of Germany": "Federal Ministry of Education and Research (Germany)",
 "Federal Institute for Drugs and Medical Devices in Bonn": "Federal Institute for Drugs and Medical Devices (Bonn)",
 "Ministry of Economy and Competitiveness | Instituto de Salud Carlos III": "Unclear",
 "Netherlands CardioVascular Research Initiative of the Netherlands Heart Foundation": "Netherlands Heart Foundation",
 "Strategic Research Program in Epidemiology at Karolinska Institute and National Institutes of Health": "Karolinska Institute and National Institutes of Health",
 "Deutsche Akademie der Naturforscher Leopoldina - Nationale Akademie der Wissenschaften": "Nationale Akademie der Wissenschaften",
 "American Heart Association-American Stroke Association": "Unclear",
 "Ministry of Health, Labour, and Welfare Science Research Grant": "Unclear",
 "ENGAGE-European Network for Genetic and Genomic Epidemiology": "ENGAGE"
 }