,Cleaned_Ancestry,Initial_Ancestry_Sum,Initial_Ancestry_Count,Initial_Ancestry_Sum_%,Initial_Ancestry_Count_%,Replication_Ancestry_Sum,Replication_Ancestry_Count,Replication_Ancestry_Sum_%,Replication_Ancestry_Count_%,Year
0,European,934312.0,231.0,93.19,82.5,1108578.0,184.0,93.04,81.06,2008
1,Icelandic,20520.0,4.0,2.05,1.43,,,,,2008
2,Northern Finnish,14289.0,3.0,1.43,1.07,,,,,2008
3,Sardinian,8272.0,2.0,0.83,0.71,1858.0,1.0,0.16,0.44,2008
4,Japanese,5147.0,8.0,0.51,2.86,9368.0,6.0,0.79,2.64,2008
5,Indian Asian,3690.0,2.0,0.37,0.71,8575.0,2.0,0.72,0.88,2008
6,Ashkenazi Jewish,3479.0,4.0,0.35,1.43,6507.0,4.0,0.55,1.76,2008
7,Orcadian,2858.0,4.0,0.29,1.43,,,,,2008
8,African American,2633.0,8.0,0.26,2.86,9035.0,5.0,0.76,2.2,2008
9,Micronesian,2346.0,1.0,0.23,0.36,,,,,2008
10,Old Order Amish,2219.0,4.0,0.22,1.43,1834.0,2.0,0.15,0.88,2008
11,Rucphen,925.0,1.0,0.09,0.36,1292.0,1.0,0.11,0.44,2008
12,Hutterite,632.0,1.0,0.06,0.36,575.0,1.0,0.05,0.44,2008
13,Chinese,618.0,1.0,0.06,0.36,2953.0,1.0,0.25,0.44,2008
14,East Asian,580.0,2.0,0.06,0.71,29954.0,8.0,2.51,3.52,2008
15,Hispanic,40.0,3.0,0.0,1.07,,,,,2008
16,Asian,16.0,1.0,0.0,0.36,,,,,2008
17,Asian Indian,,,,,3669.0,1.0,0.31,0.44,2008
18,Mexican,,,,,2528.0,1.0,0.21,0.44,2008
19,Oceania,,,,,1372.0,5.0,0.12,2.2,2008
20,Amish,,,,,1347.0,1.0,0.11,0.44,2008
21,French Canadian,,,,,1127.0,2.0,0.09,0.88,2008
22,Han Chinese,,,,,873.0,2.0,0.07,0.88,2008
23,European,1456141.0,311.0,92.37,74.22,1432394.0,227.0,86.72,69.63,2009
24,Korean,27916.0,10.0,1.77,2.39,15759.0,3.0,0.95,0.92,2009
25,European and Indian Asian,17967.0,1.0,1.14,0.24,13615.0,1.0,0.82,0.31,2009
26,Japanese,11934.0,23.0,0.76,5.49,48370.0,21.0,2.93,6.44,2009
27,Indian Asian,9685.0,1.0,0.61,0.24,32499.0,3.0,1.97,0.92,2009
28,Sardinian,8521.0,2.0,0.54,0.48,3688.0,2.0,0.22,0.61,2009
29,African American,7604.0,20.0,0.48,4.77,20426.0,17.0,1.24,5.21,2009
30,Asian Indian,7474.0,2.0,0.47,0.48,,,,,2009
31,Han Chinese,7366.0,10.0,0.47,2.39,17192.0,8.0,1.04,2.45,2009
32,Kosraen,4168.0,2.0,0.26,0.48,,,,,2009
33,Chinese,3554.0,4.0,0.23,0.95,40993.0,15.0,2.48,4.6,2009
34,Gambian,2340.0,2.0,0.15,0.48,3463.0,2.0,0.21,0.61,2009
35,Sorbian,1877.0,2.0,0.12,0.48,,,,,2009
36,Korkulan,1796.0,2.0,0.11,0.48,,,,,2009
37,South Tyrol,1079.0,1.0,0.07,0.24,,,,,2009
38,Hispanic,945.0,6.0,0.06,1.43,4512.0,5.0,0.27,1.53,2009
39,African Caribbean,929.0,2.0,0.06,0.48,,,,,2009
40,Black,901.0,2.0,0.06,0.48,949.0,2.0,0.06,0.61,2009
41,Dutch,790.0,1.0,0.05,0.24,,,,,2009
42,Old Order Amish,778.0,1.0,0.05,0.24,1645.0,2.0,0.1,0.61,2009
43,Thai Chinese,618.0,2.0,0.04,0.48,,,,,2009
44,Mexican,492.0,1.0,0.03,0.24,177.0,1.0,0.01,0.31,2009
45,Amish,429.0,1.0,0.03,0.24,,,,,2009
46,Malaysian Chinese,371.0,2.0,0.02,0.48,420.0,2.0,0.03,0.61,2009
47,Hutterite,357.0,1.0,0.02,0.24,,,,,2009
48,Hispanic and European,180.0,2.0,0.01,0.48,1682.0,2.0,0.1,0.61,2009
49,European and African American,89.0,1.0,0.01,0.24,,,,,2009
50,Romanian,32.0,1.0,0.0,0.24,,,,,2009
51,Asian,9.0,3.0,0.0,0.72,1166.0,2.0,0.07,0.61,2009
52,East Asian,,,,,9843.0,3.0,0.6,0.92,2009
53,West African,,,,,1888.0,3.0,0.11,0.92,2009
54,Thai,,,,,967.0,3.0,0.06,0.92,2009
55,Indonesian,,,,,174.0,2.0,0.01,0.61,2009
56,European,2730734.0,431.0,88.69,68.2,2093678.0,257.0,84.89,60.9,2010
57,Japanese,203166.0,55.0,6.6,8.7,98434.0,36.0,3.99,8.53,2010
58,European and Hispanic,22604.0,1.0,0.73,0.16,744.0,2.0,0.03,0.47,2010
59,Chinese,21025.0,17.0,0.68,2.69,21421.0,12.0,0.87,2.84,2010
60,Korean,15728.0,10.0,0.51,1.58,6731.0,9.0,0.27,2.13,2010
61,Han Chinese,14112.0,19.0,0.46,3.01,38703.0,16.0,1.57,3.79,2010
62,Indian Asian,13044.0,3.0,0.42,0.47,37478.0,5.0,1.52,1.18,2010
63,African American,11984.0,30.0,0.39,4.75,6226.0,12.0,0.25,2.84,2010
64,Filipino,10693.0,6.0,0.35,0.95,4868.0,3.0,0.2,0.71,2010
65,Sub Saharan African,6738.0,4.0,0.22,0.63,6066.0,2.0,0.25,0.47,2010
66,Sardinian,5763.0,5.0,0.19,0.79,3780.0,2.0,0.15,0.47,2010
67,African,3361.0,3.0,0.11,0.47,,,,,2010
68,African American or European,3054.0,2.0,0.1,0.32,,,,,2010
69,Turkish,2493.0,2.0,0.08,0.32,3163.0,5.0,0.13,1.18,2010
70,East Asian,1441.0,4.0,0.05,0.63,97992.0,17.0,3.97,4.03,2010
71,Nigerian,1188.0,1.0,0.04,0.16,,,,,2010
72,Mexican American,1144.0,3.0,0.04,0.47,,,,,2010
73,Rucphen,1103.0,1.0,0.04,0.16,,,,,2010
74,Caribbean Hispanic,1093.0,2.0,0.04,0.32,186.0,2.0,0.01,0.47,2010
75,Hispanic,1084.0,7.0,0.04,1.11,1019.0,4.0,0.04,0.95,2010
76,Asian,1042.0,2.0,0.03,0.32,2196.0,2.0,0.09,0.47,2010
77,Singaporean Chinese,980.0,4.0,0.03,0.63,,,,,2010
78,Sorbian,882.0,1.0,0.03,0.16,,,,,2010
79,Amish,841.0,1.0,0.03,0.16,663.0,1.0,0.03,0.24,2010
80,Orcadian,690.0,1.0,0.02,0.16,348.0,1.0,0.01,0.24,2010
81,Old Order Amish,557.0,1.0,0.02,0.16,,,,,2010
82,Vietnamese Korean,518.0,1.0,0.02,0.16,,,,,2010
83,Finnish Saami,347.0,1.0,0.01,0.16,,,,,2010
84,Plains American Indian,322.0,1.0,0.01,0.16,,,,,2010
85,Isreali Arab,266.0,2.0,0.01,0.32,,,,,2010
86,Malawian,226.0,2.0,0.01,0.32,,,,,2010
87,Finnish,204.0,2.0,0.01,0.32,5332.0,4.0,0.22,0.95,2010
88,African American Asian or Latino,155.0,1.0,0.01,0.16,,,,,2010
89,South Asian,74.0,1.0,0.0,0.16,322.0,1.0,0.01,0.24,2010
90,Han Chinese American,60.0,1.0,0.0,0.16,,,,,2010
91,Black,52.0,2.0,0.0,0.32,280.0,2.0,0.01,0.47,2010
92,Tibetan,35.0,1.0,0.0,0.16,161.0,1.0,0.01,0.24,2010
93,Hispanic/Latin American,7.0,1.0,0.0,0.16,,,,,2010
94,Black and European,,,,,19090.0,1.0,0.77,0.24,2010
95,African American and Afro Caribbean,,,,,3471.0,1.0,0.14,0.24,2010
96,Thai,,,,,2246.0,4.0,0.09,0.95,2010
97,European and Ashkenazi Jewish,,,,,2035.0,2.0,0.08,0.47,2010
98,African American and European,,,,,1893.0,1.0,0.08,0.24,2010
99,South and Central American,,,,,1769.0,1.0,0.07,0.24,2010
100,French Canadian,,,,,1756.0,2.0,0.07,0.47,2010
101,Val Borbera,,,,,910.0,1.0,0.04,0.24,2010
102,Uygur Kazakh Chinese,,,,,840.0,2.0,0.03,0.47,2010
103,North African,,,,,746.0,1.0,0.03,0.24,2010
104,Costa Rican,,,,,583.0,1.0,0.02,0.24,2010
105,Middle Eastern Arab,,,,,352.0,2.0,0.01,0.47,2010
106,Fruili Venezia Giulia,,,,,338.0,1.0,0.01,0.24,2010
107,Carlantino,,,,,322.0,1.0,0.01,0.24,2010
108,Ashkenazi Jewish Isreali,,,,,96.0,2.0,0.0,0.47,2010
109,Hispanic American,,,,,85.0,1.0,0.0,0.24,2010
110,Jewish Isreali,,,,,74.0,2.0,0.0,0.47,2010
111,European,2814898.0,456.0,82.21,60.32,2221327.0,312.0,74.02,60.0,2011
112,African American,142056.0,45.0,4.15,5.95,56109.0,22.0,1.87,4.23,2011
113,Han Chinese,71921.0,50.0,2.1,6.61,129828.0,38.0,4.33,7.31,2011
114,Korean,66073.0,21.0,1.93,2.78,8003.0,14.0,0.27,2.69,2011
115,East Asian,60885.0,10.0,1.78,1.32,278273.0,25.0,9.27,4.81,2011
116,Japanese,58559.0,48.0,1.71,6.35,143551.0,39.0,4.78,7.5,2011
117,South Asian,41987.0,6.0,1.23,0.79,44755.0,4.0,1.49,0.77,2011
118,Indian Asian,33774.0,4.0,0.99,0.53,,,,,2011
119,African,25009.0,14.0,0.73,1.85,1525.0,3.0,0.05,0.58,2011
120,Chinese,21502.0,18.0,0.63,2.38,14866.0,12.0,0.5,2.31,2011
121,Malay,13331.0,9.0,0.39,1.19,,,,,2011
122,Sardinian,13057.0,5.0,0.38,0.66,,,,,2011
123,Hispanic,7902.0,6.0,0.23,0.79,11452.0,7.0,0.38,1.35,2011
124,Val Borbera,4970.0,3.0,0.15,0.4,,,,,2011
125,Asian Indian,4677.0,3.0,0.14,0.4,2142.0,1.0,0.07,0.19,2011
126,Vietnamese,4026.0,2.0,0.12,0.26,4671.0,2.0,0.16,0.38,2011
127,Rucphen,3925.0,2.0,0.11,0.26,,,,,2011
128,Filipino,3492.0,3.0,0.1,0.4,,,,,2011
129,Old Order Amish,2900.0,3.0,0.08,0.4,,,,,2011
130,Indian,2752.0,3.0,0.08,0.4,2139.0,2.0,0.07,0.38,2011
131,Sorbian,2551.0,3.0,0.07,0.4,,,,,2011
132,South Tyrol,2426.0,2.0,0.07,0.26,,,,,2011
133,Fruili Venezia Giulia,2344.0,2.0,0.07,0.26,,,,,2011
134,Mexican American,2130.0,3.0,0.06,0.4,,,,,2011
135,Taiwanese,2000.0,2.0,0.06,0.26,,,,,2011
136,Indonesian,1683.0,1.0,0.05,0.13,1931.0,1.0,0.06,0.19,2011
137,African American and African Caribbean,1612.0,1.0,0.05,0.13,2147.0,1.0,0.07,0.19,2011
138,Dutch,1546.0,2.0,0.05,0.26,,,,,2011
139,Black,1258.0,1.0,0.04,0.13,1300.0,3.0,0.04,0.58,2011
140,French Canadian,1155.0,2.0,0.03,0.26,,,,,2011
141,Pima Indian,1120.0,1.0,0.03,0.13,2133.0,1.0,0.07,0.19,2011
142,Carlantino,1114.0,2.0,0.03,0.26,,,,,2011
143,Amish,880.0,1.0,0.03,0.13,,,,,2011
144,Orcadian,715.0,1.0,0.02,0.13,687.0,1.0,0.02,0.19,2011
145,Papua New Guinean,576.0,2.0,0.02,0.26,,,,,2011
146,Bulgarian,564.0,2.0,0.02,0.26,450.0,2.0,0.01,0.38,2011
147,Ashkenazi Jewish,446.0,2.0,0.01,0.26,,,,,2011
148,Sub Saharan African,352.0,2.0,0.01,0.26,2893.0,3.0,0.1,0.58,2011
149,Cilento,343.0,1.0,0.01,0.13,1709.0,2.0,0.06,0.38,2011
150,Jewish Isreali,331.0,2.0,0.01,0.26,,,,,2011
151,Russian,286.0,2.0,0.01,0.26,,,,,2011
152,Asian,259.0,1.0,0.01,0.13,189.0,2.0,0.01,0.38,2011
153,Tatar,231.0,2.0,0.01,0.26,,,,,2011
154,Arab Isreali,189.0,1.0,0.01,0.13,198.0,2.0,0.01,0.38,2011
155,Bashkir,161.0,2.0,0.0,0.26,,,,,2011
156,Thai,149.0,2.0,0.0,0.26,1676.0,4.0,0.06,0.77,2011
157,European and Middle East/North African,,,,,29807.0,2.0,0.99,0.38,2011
158,African American and African,,,,,20809.0,1.0,0.69,0.19,2011
159,African American and Afro Caribbean,,,,,8112.0,2.0,0.27,0.38,2011
160,African American/Afro Caribbean,,,,,3408.0,2.0,0.11,0.38,2011
161,Talana,,,,,2058.0,2.0,0.07,0.38,2011
162,Mexican,,,,,1310.0,2.0,0.04,0.38,2011
163,Iranian,,,,,515.0,2.0,0.02,0.38,2011
164,West African,,,,,425.0,1.0,0.01,0.19,2011
165,Caribbean Hispanic,,,,,418.0,2.0,0.01,0.38,2011
166,Yoruban,,,,,59.0,1.0,0.0,0.19,2011
167,European,2981228.0,457.0,77.03,60.93,1784069.0,270.0,63.81,54.33,2012
168,African American,272520.0,60.0,7.04,8.0,23841.0,19.0,0.85,3.82,2012
169,Japanese,193082.0,55.0,4.99,7.33,220885.0,54.0,7.9,10.87,2012
170,East Asian,84107.0,13.0,2.17,1.73,287703.0,26.0,10.29,5.23,2012
171,Han Chinese,69898.0,45.0,1.81,6.0,128376.0,32.0,4.59,6.44,2012
172,European and East Asian,65922.0,2.0,1.7,0.27,101866.0,2.0,3.64,0.4,2012
173,Hispanic,41718.0,19.0,1.08,2.53,8673.0,6.0,0.31,1.21,2012
174,Finnish,41145.0,5.0,1.06,0.67,,,,,2012
175,Korean,34972.0,16.0,0.9,2.13,18021.0,11.0,0.64,2.21,2012
176,Chinese,22481.0,17.0,0.58,2.27,55441.0,18.0,1.98,3.62,2012
177,British and Irish,11375.0,2.0,0.29,0.27,,,,,2012
178,South Asian,9455.0,3.0,0.24,0.4,,,,,2012
179,African,5899.0,7.0,0.15,0.93,27714.0,7.0,0.99,1.41,2012
180,South East Asian,5319.0,2.0,0.14,0.27,,,,,2012
181,Sardinian,4694.0,1.0,0.12,0.13,1392.0,1.0,0.05,0.2,2012
182,Ashkenazi Jewish,4082.0,7.0,0.11,0.93,3095.0,2.0,0.11,0.4,2012
183,South Indian,2875.0,2.0,0.07,0.27,,,,,2012
184,Latino,2359.0,3.0,0.06,0.4,2941.0,3.0,0.11,0.6,2012
185,Malay,2155.0,1.0,0.06,0.13,4152.0,3.0,0.15,0.6,2012
186,Indo European,2128.0,2.0,0.05,0.27,6531.0,2.0,0.23,0.4,2012
187,Middle Eastern,1949.0,1.0,0.05,0.13,2547.0,1.0,0.09,0.2,2012
188,Filipino,1776.0,1.0,0.05,0.13,1783.0,2.0,0.06,0.4,2012
189,French Canadian,1389.0,3.0,0.04,0.4,,,,,2012
190,Bangladeshi,1313.0,1.0,0.03,0.13,,,,,2012
191,Asian,1287.0,2.0,0.03,0.27,29.0,1.0,0.0,0.2,2012
192,Amish,1061.0,3.0,0.03,0.4,,,,,2012
193,Thai,880.0,4.0,0.02,0.53,2300.0,6.0,0.08,1.21,2012
194,Mongolian,756.0,1.0,0.02,0.13,,,,,2012
195,Hutterite,731.0,2.0,0.02,0.27,680.0,1.0,0.02,0.2,2012
196,Jewish,497.0,2.0,0.01,0.27,344.0,2.0,0.01,0.4,2012
197,Hong Kong Chinese,315.0,1.0,0.01,0.13,,,,,2012
198,Norfolk Island,285.0,2.0,0.01,0.27,,,,,2012
199,South African Afrikaner,251.0,2.0,0.01,0.27,,,,,2012
200,Indonesian,223.0,2.0,0.01,0.27,3148.0,4.0,0.11,0.8,2012
201,Yoruban,87.0,1.0,0.0,0.13,,,,,2012
202,Solomon Islander,85.0,2.0,0.0,0.27,,,,,2012
203,American Indian,1.0,1.0,0.0,0.13,,,,,2012
204,European and Asian,,,,,98080.0,1.0,3.51,0.2,2012
205,Pakistani,,,,,6115.0,6.0,0.22,1.21,2012
206,Dravidian,,,,,2245.0,2.0,0.08,0.4,2012
207,West African,,,,,1056.0,2.0,0.04,0.4,2012
208,Costa Rican,,,,,603.0,1.0,0.02,0.2,2012
209,Latin American,,,,,496.0,2.0,0.02,0.4,2012
210,Taiwanese,,,,,400.0,1.0,0.01,0.2,2012
211,Indian,,,,,389.0,2.0,0.01,0.4,2012
212,North African,,,,,372.0,2.0,0.01,0.4,2012
213,Saudi Arab,,,,,340.0,2.0,0.01,0.4,2012
214,European and African American,,,,,237.0,2.0,0.01,0.4,2012
215,Asian Indian,,,,,4.0,1.0,0.0,0.2,2012
216,European,4267056.0,516.0,86.93,57.59,2585429.0,286.0,75.69,53.36,2013
217,African American,223075.0,51.0,4.54,5.69,99813.0,31.0,2.92,5.78,2013
218,Japanese,86831.0,81.0,1.77,9.04,91217.0,25.0,2.67,4.66,2013
219,Han Chinese,77487.0,61.0,1.58,6.81,141809.0,40.0,4.15,7.46,2013
220,East Asian,67750.0,23.0,1.38,2.57,280237.0,39.0,8.2,7.28,2013
221,Korean,37183.0,35.0,0.76,3.91,22067.0,21.0,0.65,3.92,2013
222,Chinese,21219.0,16.0,0.43,1.79,27858.0,11.0,0.82,2.05,2013
223,Hispanic,19344.0,14.0,0.39,1.56,8112.0,10.0,0.24,1.87,2013
224,African,14363.0,6.0,0.29,0.67,10917.0,2.0,0.32,0.37,2013
225,Malay,8825.0,4.0,0.18,0.45,4279.0,3.0,0.13,0.56,2013
226,Mexican and Latin American,8214.0,2.0,0.17,0.22,,,,,2013
227,Indian,6724.0,4.0,0.14,0.45,6229.0,5.0,0.18,0.93,2013
228,European and  Rucphen,6597.0,1.0,0.13,0.11,,,,,2013
229,Indian Asian,6568.0,1.0,0.13,0.11,,,,,2013
230,Brazilian,6466.0,11.0,0.13,1.23,104.0,1.0,0.0,0.19,2013
231,Mexican,4480.0,4.0,0.09,0.45,4242.0,4.0,0.12,0.75,2013
232,South East Asian,4325.0,1.0,0.09,0.11,,,,,2013
233,Ashkenazi Jewish,3973.0,6.0,0.08,0.67,1273.0,4.0,0.04,0.75,2013
234,Asian Indian,3758.0,2.0,0.08,0.22,,,,,2013
235,Latino,3426.0,2.0,0.07,0.22,653.0,2.0,0.02,0.37,2013
236,Turkish,3281.0,5.0,0.07,0.56,1439.0,3.0,0.04,0.56,2013
237,Afro Caribbean,3201.0,4.0,0.07,0.45,,,,,2013
238,Mexican American,2615.0,3.0,0.05,0.33,3032.0,4.0,0.09,0.75,2013
239,Thai,2385.0,2.0,0.05,0.22,,,,,2013
240,Nigerian,2376.0,2.0,0.05,0.22,,,,,2013
241,Filipino,1782.0,1.0,0.04,0.11,1719.0,1.0,0.05,0.19,2013
242,Singaporean Chinese,1691.0,2.0,0.03,0.22,,,,,2013
243,Val Borbera,1664.0,1.0,0.03,0.11,,,,,2013
244,Punjabi Sikh,1616.0,2.0,0.03,0.22,5713.0,2.0,0.17,0.37,2013
245,North Indian,1467.0,2.0,0.03,0.22,2075.0,2.0,0.06,0.37,2013
246,Sri Lankan Sinhalese,1154.0,4.0,0.02,0.45,,,,,2013
247,Hutterite,1144.0,1.0,0.02,0.11,,,,,2013
248,Old Order Amish,1025.0,2.0,0.02,0.22,,,,,2013
249,West African,932.0,2.0,0.02,0.22,,,,,2013
250,American Indian,836.0,4.0,0.02,0.45,2908.0,2.0,0.09,0.37,2013
251,Arab,826.0,4.0,0.02,0.45,878.0,7.0,0.03,1.31,2013
252,Amish,798.0,2.0,0.02,0.22,,,,,2013
253,South African,733.0,2.0,0.01,0.22,,,,,2013
254,Sardinian,683.0,1.0,0.01,0.11,,,,,2013
255,Iranian,352.0,2.0,0.01,0.22,573.0,1.0,0.02,0.19,2013
256,Southern Indian,229.0,2.0,0.0,0.22,,,,,2013
257,Tunisian,221.0,2.0,0.0,0.22,,,,,2013
258,Asian or Pacific Islander,167.0,2.0,0.0,0.22,,,,,2013
259,Asian,17.0,1.0,0.0,0.11,14935.0,7.0,0.44,1.31,2013
260,South Asian,,,,,42170.0,5.0,1.23,0.93,2013
261,African America/Afro Caribbean,,,,,27661.0,1.0,0.81,0.19,2013
262,European and East Asian,,,,,16093.0,2.0,0.47,0.37,2013
263,Sub Saharan African,,,,,4607.0,1.0,0.13,0.19,2013
264,Singaporean,,,,,3968.0,2.0,0.12,0.37,2013
265,Native Hawaiian,,,,,1277.0,2.0,0.04,0.37,2013
266,European and African American,,,,,656.0,1.0,0.02,0.19,2013
267,Fruili Venezia Giulia,,,,,619.0,1.0,0.02,0.19,2013
268,Costa Rican,,,,,592.0,1.0,0.02,0.19,2013
269,French Canadian,,,,,228.0,1.0,0.01,0.19,2013
270,Malaysian,,,,,212.0,2.0,0.01,0.37,2013
271,African America and European,,,,,68.0,1.0,0.0,0.19,2013
272,Latin American,,,,,66.0,1.0,0.0,0.19,2013
273,Black African,,,,,5.0,1.0,0.0,0.19,2013
274,Colored African,,,,,1.0,1.0,0.0,0.19,2013
275,European,3568180.0,482.0,80.7,55.66,1699822.0,275.0,67.65,58.64,2014
276,East Asian,200629.0,14.0,4.54,1.62,215418.0,14.0,8.57,2.99,2014
277,African American,109148.0,58.0,2.47,6.7,49623.0,24.0,1.97,5.12,2014
278,Korean,97503.0,37.0,2.21,4.27,39201.0,17.0,1.56,3.62,2014
279,Japanese,86768.0,31.0,1.96,3.58,99160.0,25.0,3.95,5.33,2014
280,Han Chinese,83785.0,49.0,1.89,5.66,270189.0,36.0,10.75,7.68,2014
281,African,57454.0,9.0,1.3,1.04,343.0,2.0,0.01,0.43,2014
282,Bangladeshi,33752.0,25.0,0.76,2.89,,,,,2014
283,South Asian,20019.0,2.0,0.45,0.23,,,,,2014
284,Chinese,19754.0,16.0,0.45,1.85,39088.0,16.0,1.56,3.41,2014
285,Asian,17366.0,6.0,0.39,0.69,4090.0,4.0,0.16,0.85,2014
286,Latino,14776.0,16.0,0.33,1.85,6614.0,2.0,0.26,0.43,2014
287,Mexican,13308.0,6.0,0.3,0.69,18051.0,7.0,0.72,1.49,2014
288,Hispanic,12573.0,20.0,0.28,2.31,3553.0,8.0,0.14,1.71,2014
289,Greenlandic,10230.0,4.0,0.23,0.46,3816.0,4.0,0.15,0.85,2014
290,Malay,7986.0,4.0,0.18,0.46,7309.0,3.0,0.29,0.64,2014
291,Mexican American,6319.0,4.0,0.14,0.46,,,,,2014
292,Ashkenazi Jewish,4724.0,4.0,0.11,0.46,4851.0,4.0,0.19,0.85,2014
293,Indian,4498.0,4.0,0.1,0.46,2026.0,1.0,0.08,0.21,2014
294,Old Order Amish,4474.0,10.0,0.1,1.15,6146.0,5.0,0.24,1.07,2014
295,South East Asian,4301.0,1.0,0.1,0.12,,,,,2014
296,European American,4108.0,1.0,0.09,0.12,,,,,2014
297,Latin American,3774.0,2.0,0.09,0.23,,,,,2014
298,Rucphen,3398.0,2.0,0.08,0.23,2807.0,3.0,0.11,0.64,2014
299,Lebanese,3286.0,2.0,0.07,0.23,,,,,2014
300,African American/African Caribbean,3015.0,4.0,0.07,0.46,,,,,2014
301,African American/Afro Caribbean,2546.0,6.0,0.06,0.69,,,,,2014
302,Vietnamese,2443.0,2.0,0.06,0.23,819.0,2.0,0.03,0.43,2014
303,Asian Indian,2124.0,1.0,0.05,0.12,4952.0,2.0,0.2,0.43,2014
304,Fruili Venezia Giulia,1952.0,2.0,0.04,0.23,,,,,2014
305,Punjabi Sikh,1616.0,2.0,0.04,0.23,2397.0,2.0,0.1,0.43,2014
306,Orcadian,1384.0,2.0,0.03,0.23,,,,,2014
307,Korkulan,1276.0,2.0,0.03,0.23,,,,,2014
308,North Indian,1225.0,2.0,0.03,0.23,1881.0,2.0,0.07,0.43,2014
309,South Tyrol,1223.0,2.0,0.03,0.23,,,,,2014
310,Tanzanian,1213.0,1.0,0.03,0.12,,,,,2014
311,Turkish,1200.0,4.0,0.03,0.46,319.0,1.0,0.01,0.21,2014
312,Surinamese,1156.0,4.0,0.03,0.46,284.0,1.0,0.01,0.21,2014
313,Southern European,1090.0,1.0,0.02,0.12,1296.0,1.0,0.05,0.21,2014
314,Moroccan,928.0,4.0,0.02,0.46,280.0,1.0,0.01,0.21,2014
315,Sorbian,824.0,1.0,0.02,0.12,,,,,2014
316,South African Black,637.0,2.0,0.01,0.23,,,,,2014
317,Native Hawaiian,622.0,2.0,0.01,0.23,,,,,2014
318,Hutterite,601.0,1.0,0.01,0.12,,,,,2014
319,Split,497.0,1.0,0.01,0.12,,,,,2014
320,Talana,470.0,1.0,0.01,0.12,450.0,1.0,0.02,0.21,2014
321,Cilento,421.0,1.0,0.01,0.12,,,,,2014
322,Silk Road,348.0,1.0,0.01,0.12,,,,,2014
323,Carlantino,280.0,1.0,0.01,0.12,,,,,2014
324,Oriental,90.0,1.0,0.0,0.12,,,,,2014
325,Russian,80.0,4.0,0.0,0.46,,,,,2014
326,Black,57.0,1.0,0.0,0.12,,,,,2014
327,Native American,8.0,1.0,0.0,0.12,,,,,2014
328,European and  Rucphen,,,,,22789.0,1.0,0.91,0.21,2014
329,She Chinese,,,,,3235.0,1.0,0.13,0.21,2014
330,Nepalese,,,,,981.0,2.0,0.04,0.43,2014
331,Brazilian,,,,,601.0,1.0,0.02,0.21,2014
332,Afro Caribbean and Sub Saharan African,,,,,321.0,1.0,0.01,0.21,2014
333,European,10263796.0,697.0,87.0,54.84,3861642.0,332.0,79.56,45.73,2015
334,Icelandic,418758.0,4.0,3.55,0.31,,,,,2015
335,East Asian,219833.0,30.0,1.86,2.36,368978.0,49.0,7.6,6.75,2015
336,South Asian,215180.0,11.0,1.82,0.87,129904.0,31.0,2.68,4.27,2015
337,African American,127391.0,86.0,1.08,6.77,48197.0,44.0,0.99,6.06,2015
338,Han Chinese,91486.0,43.0,0.78,3.38,132518.0,30.0,2.73,4.13,2015
339,Japanese,65386.0,36.0,0.55,2.83,51868.0,22.0,1.07,3.03,2015
340,Latin American,54109.0,11.0,0.46,0.87,,,,,2015
341,Korean,37296.0,35.0,0.32,2.75,27236.0,23.0,0.56,3.17,2015
342,African,33175.0,23.0,0.28,1.81,26720.0,20.0,0.55,2.75,2015
343,Northern European,30599.0,7.0,0.26,0.55,,,,,2015
344,Chinese,29778.0,17.0,0.25,1.34,56607.0,14.0,1.17,1.93,2015
345,Hispanic,22960.0,40.0,0.19,3.15,6906.0,21.0,0.14,2.89,2015
346,Italian,19395.0,9.0,0.16,0.71,,,,,2015
347,Sardinian,15934.0,4.0,0.14,0.31,6982.0,3.0,0.14,0.41,2015
348,Rucphen,14823.0,8.0,0.13,0.63,2507.0,2.0,0.05,0.28,2015
349,Pakistani,14131.0,1.0,0.12,0.08,,,,,2015
350,Singaporean Chinese,12249.0,18.0,0.1,1.42,,,,,2015
351,Western European,11043.0,3.0,0.09,0.24,253.0,1.0,0.01,0.14,2015
352,Hispanic American,8616.0,13.0,0.07,1.02,,,,,2015
353,Irish,7352.0,5.0,0.06,0.39,,,,,2015
354,Ashkenazi Jewish,6573.0,9.0,0.06,0.71,75.0,2.0,0.0,0.28,2015
355,Latino,6449.0,7.0,0.05,0.55,,,,,2015
356,Bangladeshi,5058.0,3.0,0.04,0.24,,,,,2015
357,Malay,4731.0,3.0,0.04,0.24,4530.0,2.0,0.09,0.28,2015
358,Black,4717.0,11.0,0.04,0.87,366.0,3.0,0.01,0.41,2015
359,Caribbean Hispanic,4514.0,2.0,0.04,0.16,786.0,2.0,0.02,0.28,2015
360,Asian,4204.0,14.0,0.04,1.1,1742.0,6.0,0.04,0.83,2015
361,Indian,4156.0,2.0,0.04,0.16,10668.0,12.0,0.22,1.65,2015
362,European American,3968.0,8.0,0.03,0.63,257.0,1.0,0.01,0.14,2015
363,Mexican,3412.0,5.0,0.03,0.39,,,,,2015
364,Mexican American,3410.0,5.0,0.03,0.39,736.0,1.0,0.02,0.14,2015
365,Lebanese,3022.0,4.0,0.03,0.31,,,,,2015
366,Orcadian,2915.0,4.0,0.02,0.31,,,,,2015
367,Native American North American,2835.0,2.0,0.02,0.16,,,,,2015
368,Val Borbera,2237.0,2.0,0.02,0.16,,,,,2015
369,South East Asian,2042.0,2.0,0.02,0.16,2993.0,2.0,0.06,0.28,2015
370,Turkish,2010.0,6.0,0.02,0.47,3934.0,2.0,0.08,0.28,2015
371,American Indian,1714.0,4.0,0.01,0.31,1297.0,3.0,0.03,0.41,2015
372,Fruili Venezia Giulia,1495.0,2.0,0.01,0.16,,,,,2015
373,Punjabi Sikh,1387.0,1.0,0.01,0.08,2151.0,1.0,0.04,0.14,2015
374,Old Order Amish,1376.0,1.0,0.01,0.08,843.0,1.0,0.02,0.14,2015
375,Korkulan,1357.0,3.0,0.01,0.24,,,,,2015
376,Yoruban,960.0,2.0,0.01,0.16,87.0,1.0,0.0,0.14,2015
377,Taiwanese,947.0,2.0,0.01,0.16,,,,,2015
378,Puerto Rican,894.0,2.0,0.01,0.16,,,,,2015
379,Native American South American,875.0,2.0,0.01,0.16,,,,,2015
380,Carlantino,779.0,2.0,0.01,0.16,,,,,2015
381,Martu Australian Aboriginal,752.0,3.0,0.01,0.24,,,,,2015
382,Central European,744.0,1.0,0.01,0.08,,,,,2015
383,Native Hawaiian,658.0,2.0,0.01,0.16,,,,,2015
384,Cilento,627.0,1.0,0.01,0.08,,,,,2015
385,Costa Rican,506.0,2.0,0.0,0.16,,,,,2015
386,Middle Eastern/North African,482.0,4.0,0.0,0.31,,,,,2015
387,Taiwanese Han,470.0,2.0,0.0,0.16,,,,,2015
388,Brazilian,367.0,2.0,0.0,0.16,281.0,4.0,0.01,0.55,2015
389,Hutterite,311.0,3.0,0.0,0.24,,,,,2015
390,Asian American,170.0,2.0,0.0,0.16,43.0,1.0,0.0,0.14,2015
391,Thai,143.0,4.0,0.0,0.31,1615.0,4.0,0.03,0.55,2015
392,Indonesian,135.0,2.0,0.0,0.16,,,,,2015
393,Nepalese,99.0,2.0,0.0,0.16,202.0,2.0,0.0,0.28,2015
394,Uygur Chinese,83.0,1.0,0.0,0.08,,,,,2015
395,Dai Chinese,58.0,1.0,0.0,0.08,,,,,2015
396,Native American,53.0,2.0,0.0,0.16,,,,,2015
397,European and Mexican,41.0,2.0,0.0,0.16,,,,,2015
398,Asian or Pacific Islander,40.0,1.0,0.0,0.08,,,,,2015
399,Jingpo Chinese,40.0,1.0,0.0,0.08,,,,,2015
400,African and Asian,36.0,2.0,0.0,0.16,38.0,2.0,0.0,0.28,2015
401,Caucasian Eastern Mediterranean,26.0,2.0,0.0,0.16,,,,,2015
402,Native Hawaiian or Pacific,14.0,2.0,0.0,0.16,7.0,1.0,0.0,0.14,2015
403,Hui Chinese,11.0,1.0,0.0,0.08,,,,,2015
404,American,7.0,1.0,0.0,0.08,,,,,2015
405,Cape Verdian,4.0,2.0,0.0,0.16,,,,,2015
406,Native American or Alaska Native,4.0,2.0,0.0,0.16,4.0,1.0,0.0,0.14,2015
407,Isreali,2.0,2.0,0.0,0.16,,,,,2015
408,Surinamese,2.0,2.0,0.0,0.16,,,,,2015
409,Curacao,2.0,2.0,0.0,0.16,,,,,2015
410,Dominican Republic,2.0,2.0,0.0,0.16,,,,,2015
411,Afghanistan,2.0,2.0,0.0,0.16,,,,,2015
412,African American/Afro Caribbean,,,,,51654.0,12.0,1.06,1.65,2015
413,Filipino,,,,,11647.0,14.0,0.24,1.93,2015
414,African American or Afro Caribbean,,,,,8755.0,2.0,0.18,0.28,2015
415,Silk Road,,,,,5017.0,11.0,0.1,1.52,2015
416,Sub Saharan African,,,,,4637.0,2.0,0.1,0.28,2015
417,Southern Indian,,,,,4600.0,2.0,0.09,0.28,2015
418,Russian,,,,,3950.0,2.0,0.08,0.28,2015
419,Seychellois,,,,,3258.0,14.0,0.07,1.93,2015
420,Iranian,,,,,2122.0,6.0,0.04,0.83,2015
421,Middle Eastern,,,,,1455.0,2.0,0.03,0.28,2015
422,Sorbian,,,,,923.0,1.0,0.02,0.14,2015
423,Middle East,,,,,891.0,2.0,0.02,0.28,2015
424,Hispanic/Latin American,,,,,816.0,2.0,0.02,0.28,2015
425,South African Black,,,,,481.0,2.0,0.01,0.28,2015
426,European and Hispanic,,,,,430.0,2.0,0.01,0.28,2015
427,Uyghur,,,,,99.0,2.0,0.0,0.28,2015
428,Aboriginal Canadian,,,,,15.0,2.0,0.0,0.28,2015
429,European,24589694.0,712.0,86.15,48.6,4614432.0,253.0,75.28,44.86,2016
430,British,1725689.0,25.0,6.05,1.71,,,,,2016
431,African American,493422.0,153.0,1.73,10.44,165349.0,54.0,2.7,9.57,2016
432,East Asian,389190.0,40.0,1.36,2.73,228267.0,23.0,3.72,4.08,2016
433,Finnish,223994.0,50.0,0.78,3.41,19842.0,3.0,0.32,0.53,2016
434,South Asian,129430.0,14.0,0.45,0.96,144976.0,14.0,2.36,2.48,2016
435,Hispanic,124304.0,37.0,0.44,2.53,37507.0,18.0,0.61,3.19,2016
436,Japanese,99642.0,41.0,0.35,2.8,33544.0,19.0,0.55,3.37,2016
437,Hispanic or Latino,83557.0,4.0,0.29,0.27,,,,,2016
438,Latin American,63936.0,13.0,0.22,0.89,824.0,3.0,0.01,0.53,2016
439,Han Chinese,60492.0,34.0,0.21,2.32,79123.0,18.0,1.29,3.19,2016
440,Latino,60375.0,11.0,0.21,0.75,7370.0,4.0,0.12,0.71,2016
441,Hispanic/Latin American,48102.0,6.0,0.17,0.41,7170.0,1.0,0.12,0.18,2016
442,European American,46818.0,37.0,0.16,2.53,8157.0,1.0,0.13,0.18,2016
443,Hispanic/Latino American,45372.0,6.0,0.16,0.41,,,,,2016
444,Korean,36803.0,26.0,0.13,1.77,50182.0,14.0,0.82,2.48,2016
445,Chinese,35359.0,19.0,0.12,1.3,76437.0,27.0,1.25,4.79,2016
446,African,31193.0,16.0,0.11,1.09,20404.0,7.0,0.33,1.24,2016
447,Pakistani,24479.0,10.0,0.09,0.68,,,,,2016
448,German,19446.0,3.0,0.07,0.2,477.0,2.0,0.01,0.35,2016
449,French,18714.0,10.0,0.07,0.68,,,,,2016
450,Mexican,17532.0,4.0,0.06,0.27,,,,,2016
451,Saudi Arab,17030.0,8.0,0.06,0.55,7352.0,10.0,0.12,1.77,2016
452,Swedish,14624.0,11.0,0.05,0.75,950.0,2.0,0.02,0.35,2016
453,Northwestern European,13483.0,2.0,0.05,0.14,2942.0,2.0,0.05,0.35,2016
454,Rucphen,13026.0,8.0,0.05,0.55,1731.0,1.0,0.03,0.18,2016
455,Indian Asian,10683.0,3.0,0.04,0.2,39703.0,4.0,0.65,0.71,2016
456,Val Borbera,7740.0,8.0,0.03,0.55,,,,,2016
457,Old Order Amish,6990.0,18.0,0.02,1.23,,,,,2016
458,Asian,6883.0,22.0,0.02,1.5,67035.0,11.0,1.09,1.95,2016
459,Mainland Hispanic/Latino,6734.0,1.0,0.02,0.07,,,,,2016
460,African British,6087.0,3.0,0.02,0.2,,,,,2016
461,Indian,5740.0,7.0,0.02,0.48,19092.0,6.0,0.31,1.06,2016
462,Norwegian,5704.0,6.0,0.02,0.41,,,,,2016
463,Caribbean Hispanic/Latino,5458.0,1.0,0.02,0.07,,,,,2016
464,Mexican American,4994.0,5.0,0.02,0.34,,,,,2016
465,Southern Chinese,4582.0,3.0,0.02,0.2,11058.0,3.0,0.18,0.53,2016
466,Polish,3982.0,9.0,0.01,0.61,1810.0,9.0,0.03,1.6,2016
467,Northern European,3126.0,3.0,0.01,0.2,16962.0,3.0,0.28,0.53,2016
468,Samoan,3072.0,1.0,0.01,0.07,2102.0,1.0,0.03,0.18,2016
469,Spanish,2988.0,6.0,0.01,0.41,1397.0,4.0,0.02,0.71,2016
470,Orcadian,2966.0,5.0,0.01,0.34,,,,,2016
471,Sereer,2640.0,5.0,0.01,0.34,,,,,2016
472,European and East Asian,2563.0,1.0,0.01,0.07,20129.0,2.0,0.33,0.35,2016
473,Malay,2256.0,1.0,0.01,0.07,,,,,2016
474,Black,2180.0,5.0,0.01,0.34,,,,,2016
475,Dutch,1900.0,2.0,0.01,0.14,,,,,2016
476,Hispanic American,1734.0,2.0,0.01,0.14,,,,,2016
477,Latino American,1413.0,2.0,0.0,0.14,1242.0,2.0,0.02,0.35,2016
478,Japanese American,1348.0,2.0,0.0,0.14,,,,,2016
479,Cilento,1115.0,1.0,0.0,0.07,,,,,2016
480,Indo European,1109.0,1.0,0.0,0.07,3725.0,1.0,0.06,0.18,2016
481,Moroccan,923.0,5.0,0.0,0.34,967.0,2.0,0.02,0.35,2016
482,Ogliastran,897.0,1.0,0.0,0.07,,,,,2016
483,Fruili Venezia Giulia,843.0,1.0,0.0,0.07,,,,,2016
484,Uyghur,721.0,1.0,0.0,0.07,709.0,2.0,0.01,0.35,2016
485,Tyrolean,696.0,1.0,0.0,0.07,,,,,2016
486,Mixed,684.0,1.0,0.0,0.07,,,,,2016
487,Carlantino,651.0,2.0,0.0,0.14,,,,,2016
488,Native Hawaiian,622.0,2.0,0.0,0.14,,,,,2016
489,Korkulan,610.0,1.0,0.0,0.07,,,,,2016
490,European American and Mexican American,540.0,1.0,0.0,0.07,,,,,2016
491,Italian,458.0,2.0,0.0,0.14,,,,,2016
492,Sardinian,456.0,1.0,0.0,0.07,6226.0,2.0,0.1,0.35,2016
493,Turkish,420.0,1.0,0.0,0.07,,,,,2016
494,Ethiopian,402.0,2.0,0.0,0.14,244.0,2.0,0.0,0.35,2016
495,Surinamese,395.0,1.0,0.0,0.07,,,,,2016
496,French Canadian,360.0,2.0,0.0,0.14,603.0,2.0,0.01,0.35,2016
497,Portuguese,221.0,2.0,0.0,0.14,525.0,2.0,0.01,0.35,2016
498,Sub Saharan African,176.0,6.0,0.0,0.41,1033.0,4.0,0.02,0.71,2016
499,Taiwanese,157.0,2.0,0.0,0.14,,,,,2016
500,Han Chinese American,96.0,1.0,0.0,0.07,,,,,2016
501,Asian American,51.0,1.0,0.0,0.07,627.0,1.0,0.01,0.18,2016
502,Hispanic/Latino,34.0,1.0,0.0,0.07,,,,,2016
503,Brazilian,18.0,2.0,0.0,0.14,,,,,2016
504,South East Asian,2.0,2.0,0.0,0.14,,,,,2016
505,Icelandic,,,,,300945.0,2.0,4.91,0.35,2016
506,European and African American,,,,,98334.0,6.0,1.6,1.06,2016
507,African American/Afro Caribbean,,,,,10781.0,4.0,0.18,0.71,2016
508,Mexican/Latino,,,,,8214.0,2.0,0.13,0.35,2016
509,Singaporean Chinese,,,,,3580.0,2.0,0.06,0.35,2016
510,Polynesian,,,,,1536.0,2.0,0.03,0.35,2016
511,Filipino,,,,,1449.0,1.0,0.02,0.18,2016
512,Jamaican,,,,,1089.0,2.0,0.02,0.35,2016
513,Afro Caribbean,,,,,962.0,1.0,0.02,0.18,2016
514,Sorbian,,,,,659.0,1.0,0.01,0.18,2016
515,Nepalese,,,,,295.0,2.0,0.0,0.35,2016
516,European,23716075.0,1074.0,76.23,45.66,11448610.0,385.0,87.86,45.35,2017
517,British,2673952.0,27.0,8.59,1.15,,,,,2017
518,Finnish,690476.0,96.0,2.22,4.08,50597.0,15.0,0.39,1.77,2017
519,Icelandic,632051.0,13.0,2.03,0.55,24045.0,13.0,0.18,1.53,2017
520,East Asian,408046.0,46.0,1.31,1.96,286612.0,24.0,2.2,2.83,2017
521,Japanese,400211.0,65.0,1.29,2.76,246883.0,36.0,1.89,4.24,2017
522,African American,312966.0,166.0,1.01,7.06,259875.0,85.0,1.99,10.01,2017
523,Hispanic/Latino,288517.0,57.0,0.93,2.42,62435.0,12.0,0.48,1.41,2017
524,African,249528.0,50.0,0.8,2.13,40761.0,17.0,0.31,2.0,2017
525,Hispanic,249299.0,77.0,0.8,3.27,76583.0,18.0,0.59,2.12,2017
526,African American/Afro Caribbean,158472.0,30.0,0.51,1.28,38172.0,30.0,0.29,3.53,2017
527,Korean,134825.0,37.0,0.43,1.57,86425.0,28.0,0.66,3.3,2017
528,Indian Asian,104136.0,30.0,0.33,1.28,,,,,2017
529,Indian,103992.0,32.0,0.33,1.36,8682.0,3.0,0.07,0.35,2017
530,South Asian,89084.0,12.0,0.29,0.51,29869.0,3.0,0.23,0.35,2017
531,European and Asian,79845.0,2.0,0.26,0.09,37930.0,1.0,0.29,0.12,2017
532,Chinese,77788.0,31.0,0.25,1.32,67110.0,20.0,0.52,2.36,2017
533,Taiwanese Han Chinese,72100.0,14.0,0.23,0.6,,,,,2017
534,Hispanic/Latino American,70854.0,6.0,0.23,0.26,43200.0,6.0,0.33,0.71,2017
535,Dutch,69689.0,11.0,0.22,0.47,20367.0,3.0,0.16,0.35,2017
536,Pomak,62803.0,41.0,0.2,1.74,,,,,2017
537,Mylopotamos,56096.0,41.0,0.18,1.74,,,,,2017
538,Han Chinese,54982.0,66.0,0.18,2.81,75209.0,34.0,0.58,4.0,2017
539,Swedish,53366.0,12.0,0.17,0.51,24604.0,10.0,0.19,1.18,2017
540,Filipino,43496.0,30.0,0.14,1.28,80.0,2.0,0.0,0.24,2017
541,European and South Asian,30482.0,2.0,0.1,0.09,,,,,2017
542,German,20090.0,12.0,0.06,0.51,5092.0,2.0,0.04,0.24,2017
543,Orcadian,18713.0,10.0,0.06,0.43,,,,,2017
544,Latin American,17120.0,4.0,0.06,0.17,,,,,2017
545,Val Borbera,15227.0,9.0,0.05,0.38,,,,,2017
546,Fruili Venezia Giulia,9024.0,10.0,0.03,0.43,,,,,2017
547,Rucphen,8982.0,4.0,0.03,0.17,,,,,2017
548,Asian Indian,8765.0,1.0,0.03,0.04,2139.0,2.0,0.02,0.24,2017
549,Asian,8312.0,31.0,0.03,1.32,35871.0,12.0,0.28,1.41,2017
550,African American and African,8298.0,2.0,0.03,0.09,,,,,2017
551,Mexican American,8118.0,17.0,0.03,0.72,5653.0,13.0,0.04,1.53,2017
552,Ugandan,7543.0,7.0,0.02,0.3,,,,,2017
553,Austrian,7407.0,9.0,0.02,0.38,,,,,2017
554,Latino,6396.0,6.0,0.02,0.26,6373.0,3.0,0.05,0.35,2017
555,Puerto Rican,6202.0,7.0,0.02,0.3,,,,,2017
556,Bangladeshi,6055.0,3.0,0.02,0.13,,,,,2017
557,Carlantino,5025.0,13.0,0.02,0.55,,,,,2017
558,Latino or African,4658.0,9.0,0.01,0.38,,,,,2017
559,Sardinian,4421.0,2.0,0.01,0.09,1905.0,2.0,0.01,0.24,2017
560,Pima Indian,3584.0,10.0,0.01,0.43,3199.0,2.0,0.02,0.24,2017
561,Danish,3360.0,2.0,0.01,0.09,13248.0,4.0,0.1,0.47,2017
562,Tibetan,3008.0,1.0,0.01,0.04,,,,,2017
563,Northern European,2734.0,2.0,0.01,0.09,,,,,2017
564,Gambian,2698.0,2.0,0.01,0.09,,,,,2017
565,Korkulan,2667.0,3.0,0.01,0.13,,,,,2017
566,Malay,2603.0,2.0,0.01,0.09,,,,,2017
567,West African,2502.0,3.0,0.01,0.13,1411.0,1.0,0.01,0.12,2017
568,Polish,2431.0,4.0,0.01,0.17,,,,,2017
569,Celtic,2307.0,1.0,0.01,0.04,,,,,2017
570,Old Order Amish,2233.0,3.0,0.01,0.13,,,,,2017
571,Oceania,2229.0,2.0,0.01,0.09,,,,,2017
572,Sub Saharan African,2111.0,13.0,0.01,0.55,836.0,10.0,0.01,1.18,2017
573,Black,2078.0,1.0,0.01,0.04,,,,,2017
574,Sirente,2002.0,7.0,0.01,0.3,,,,,2017
575,Black Hispanic,1940.0,4.0,0.01,0.17,,,,,2017
576,Brazilian,1910.0,4.0,0.01,0.17,14392.0,8.0,0.11,0.94,2017
577,Mexican,1602.0,4.0,0.01,0.17,840.0,2.0,0.01,0.24,2017
578,Thai,1451.0,2.0,0.0,0.09,845.0,2.0,0.01,0.24,2017
579,African and Asian,1398.0,6.0,0.0,0.26,,,,,2017
580,African and African Arab,1215.0,4.0,0.0,0.17,,,,,2017
581,Slavic,1102.0,1.0,0.0,0.04,,,,,2017
582,Latin/South American,1050.0,2.0,0.0,0.09,,,,,2017
583,European American,1027.0,1.0,0.0,0.04,,,,,2017
584,Amish,1026.0,2.0,0.0,0.09,,,,,2017
585,Indo European,1001.0,1.0,0.0,0.04,2403.0,2.0,0.02,0.24,2017
586,African Arab,853.0,4.0,0.0,0.17,,,,,2017
587,Sorbian,848.0,1.0,0.0,0.04,,,,,2017
588,Ethiopian,493.0,4.0,0.0,0.17,189.0,4.0,0.0,0.47,2017
589,Split,489.0,1.0,0.0,0.04,,,,,2017
590,South East Asian,476.0,2.0,0.0,0.09,,,,,2017
591,Italian,411.0,1.0,0.0,0.04,45.0,2.0,0.0,0.24,2017
592,Japanese American,349.0,1.0,0.0,0.04,,,,,2017
593,North African,329.0,7.0,0.0,0.3,448.0,7.0,0.0,0.82,2017
594,Fijian Indian,319.0,2.0,0.0,0.09,,,,,2017
595,Greater Middle Eastern,281.0,2.0,0.0,0.09,,,,,2017
596,American Indian,258.0,1.0,0.0,0.04,,,,,2017
597,French Canadian,251.0,1.0,0.0,0.04,1312.0,3.0,0.01,0.35,2017
598,Hispanic/Native American,237.0,1.0,0.0,0.04,,,,,2017
599,Isreali Arab,230.0,4.0,0.0,0.17,,,,,2017
600,Hispanic/Native,164.0,1.0,0.0,0.04,,,,,2017
601,Native American,117.0,3.0,0.0,0.13,,,,,2017
602,European/Asian,27.0,2.0,0.0,0.09,74.0,2.0,0.0,0.24,2017
603,Arab,10.0,2.0,0.0,0.09,1242.0,6.0,0.01,0.71,2017
604,Middle Eastern,1.0,1.0,0.0,0.04,589.0,2.0,0.0,0.24,2017
605,Indigenous Mexican,,,,,1178.0,2.0,0.01,0.24,2017
606,Dravidian,,,,,1015.0,2.0,0.01,0.24,2017
607,Hispanic/Latin American,,,,,636.0,2.0,0.0,0.24,2017
608,Mongolian,,,,,542.0,2.0,0.0,0.24,2017
609,Mayan,,,,,475.0,2.0,0.0,0.24,2017
610,Hispanic and Native American,,,,,282.0,1.0,0.0,0.12,2017
611,French,,,,,276.0,1.0,0.0,0.12,2017
612,South African,,,,,2.0,1.0,0.0,0.12,2017
613,European,79202622.0,1257.0,80.97,47.11,13455890.0,323.0,62.79,33.4,2018
614,British,6409310.0,44.0,6.55,1.65,1207049.0,7.0,5.63,0.72,2018
615,Japanese,6208423.0,251.0,6.35,9.41,862612.0,89.0,4.03,9.2,2018
616,Icelandic,1884627.0,13.0,1.93,0.49,1341979.0,15.0,6.26,1.55,2018
617,African,713382.0,52.0,0.73,1.95,80820.0,24.0,0.38,2.48,2018
618,European or East Asian,529946.0,4.0,0.54,0.15,,,,,2018
619,East Asian,525159.0,65.0,0.54,2.44,408970.0,34.0,1.91,3.52,2018
620,African American,507350.0,182.0,0.52,6.82,58736.0,56.0,0.27,5.79,2018
621,Hispanic,495036.0,79.0,0.51,2.96,273068.0,62.0,1.27,6.41,2018
622,Asian,306210.0,91.0,0.31,3.41,3401482.0,64.0,15.87,6.62,2018
623,Korean,135144.0,43.0,0.14,1.61,46603.0,18.0,0.22,1.86,2018
624,African American or Afro Caribbean,124245.0,12.0,0.13,0.45,217.0,1.0,0.0,0.1,2018
625,South Asian,73730.0,25.0,0.08,0.94,27714.0,9.0,0.13,0.93,2018
626,Han Chinese,70605.0,45.0,0.07,1.69,87968.0,64.0,0.41,6.62,2018
627,Hispanic or Latin American,55030.0,16.0,0.06,0.6,,,,,2018
628,Spanish,50790.0,16.0,0.05,0.6,,,,,2018
629,Chinese,42976.0,32.0,0.04,1.2,31795.0,50.0,0.15,5.17,2018
630,Hispanic/Latino,41877.0,8.0,0.04,0.3,,,,,2018
631,Tibetan,41404.0,57.0,0.04,2.14,,,,,2018
632,French,28360.0,53.0,0.03,1.99,,,,,2018
633,Dutch,27517.0,15.0,0.03,0.56,30504.0,9.0,0.14,0.93,2018
634,European American,26458.0,9.0,0.03,0.34,381.0,2.0,0.0,0.21,2018
635,Northern European,25195.0,7.0,0.03,0.26,,,,,2018
636,French Canadian,25143.0,12.0,0.03,0.45,,,,,2018
637,European and African American,22504.0,1.0,0.02,0.04,,,,,2018
638,Native American,16177.0,8.0,0.02,0.3,,,,,2018
639,Uyghur,15989.0,45.0,0.02,1.69,3762.0,44.0,0.02,4.55,2018
640,Latin American,15967.0,13.0,0.02,0.49,,,,,2018
641,Filipino,14120.0,8.0,0.01,0.3,,,,,2018
642,Finnish,13975.0,17.0,0.01,0.64,7809.0,2.0,0.04,0.21,2018
643,Black,13577.0,6.0,0.01,0.22,1216.0,2.0,0.01,0.21,2018
644,Latino,12363.0,3.0,0.01,0.11,6147.0,7.0,0.03,0.72,2018
645,Danish,11154.0,6.0,0.01,0.22,19968.0,4.0,0.09,0.41,2018
646,African British,10206.0,4.0,0.01,0.15,16998.0,5.0,0.08,0.52,2018
647,Croatian,9673.0,9.0,0.01,0.34,605.0,2.0,0.0,0.21,2018
648,Greek,9118.0,10.0,0.01,0.37,,,,,2018
649,Yoruban,8136.0,8.0,0.01,0.3,,,,,2018
650,Sub Saharan African,7225.0,7.0,0.01,0.26,9571.0,11.0,0.04,1.14,2018
651,German,7037.0,4.0,0.01,0.15,,,,,2018
652,Irish,6696.0,3.0,0.01,0.11,,,,,2018
653,Kuwaiti,5412.0,4.0,0.01,0.15,4704.0,4.0,0.02,0.41,2018
654,Rucphen,5220.0,2.0,0.01,0.07,,,,,2018
655,Mexican,4736.0,3.0,0.0,0.11,,,,,2018
656,Scottish,4666.0,2.0,0.0,0.07,,,,,2018
657,Malay,4550.0,2.0,0.0,0.07,1766.0,16.0,0.01,1.65,2018
658,Indian,4220.0,2.0,0.0,0.07,4878.0,20.0,0.02,2.07,2018
659,Scandinavian,4062.0,8.0,0.0,0.3,,,,,2018
660,Bangladeshi,4032.0,6.0,0.0,0.22,,,,,2018
661,African American or European,3807.0,4.0,0.0,0.15,,,,,2018
662,Pakistani,3650.0,2.0,0.0,0.07,,,,,2018
663,Latino American,3499.0,2.0,0.0,0.07,,,,,2018
664,Hispanic American,3485.0,1.0,0.0,0.04,,,,,2018
665,Thai,3135.0,4.0,0.0,0.15,383.0,2.0,0.0,0.21,2018
666,Swedish,3126.0,1.0,0.0,0.04,154.0,1.0,0.0,0.1,2018
667,Kenyan,2857.0,2.0,0.0,0.07,,,,,2018
668,Fruili Venezia Giulia,2126.0,10.0,0.0,0.37,,,,,2018
669,Middle Eastern,2107.0,2.0,0.0,0.07,,,,,2018
670,Quebec,1943.0,2.0,0.0,0.07,,,,,2018
671,Tanzanian,1828.0,4.0,0.0,0.15,,,,,2018
672,Taiwanese,1186.0,5.0,0.0,0.19,,,,,2018
673,Ugandan,1040.0,2.0,0.0,0.07,,,,,2018
674,Talana,1018.0,2.0,0.0,0.07,,,,,2018
675,Greek and,1010.0,2.0,0.0,0.07,,,,,2018
676,Korkulan,806.0,1.0,0.0,0.04,,,,,2018
677,Arab,502.0,2.0,0.0,0.07,,,,,2018
678,American,408.0,1.0,0.0,0.04,,,,,2018
679,South Indian,390.0,2.0,0.0,0.07,,,,,2018
680,Venezuelan,374.0,1.0,0.0,0.04,,,,,2018
681,Maghrebian,346.0,2.0,0.0,0.07,,,,,2018
682,South African Coloured,275.0,2.0,0.0,0.07,,,,,2018
683,European Tis/T,209.0,1.0,0.0,0.04,414.0,1.0,0.0,0.1,2018
684,Hispanic Caucasian,136.0,2.0,0.0,0.07,,,,,2018
685,Maya,92.0,2.0,0.0,0.07,,,,,2018
686,Brazilian,84.0,2.0,0.0,0.07,9017.0,4.0,0.04,0.41,2018
687,South East Asian,59.0,2.0,0.0,0.07,771.0,2.0,0.0,0.21,2018
688,Asian American,40.0,5.0,0.0,0.19,424.0,2.0,0.0,0.21,2018
689,Alaskan,28.0,14.0,0.0,0.52,,,,,2018
690,Native Hawaiian,14.0,14.0,0.0,0.52,,,,,2018
691,American Indian,1.0,1.0,0.0,0.04,,,,,2018
692,Mexican American,,,,,8076.0,2.0,0.04,0.21,2018
693,African Caribbean,,,,,7480.0,2.0,0.03,0.21,2018
694,Hispanic / Latino,,,,,2826.0,1.0,0.01,0.1,2018
695,Afro Caribbean,,,,,2709.0,2.0,0.01,0.21,2018
696,Black African,,,,,1552.0,2.0,0.01,0.21,2018
697,Singaporean Indian,,,,,1520.0,1.0,0.01,0.1,2018
698,East Asian or Asian,,,,,72.0,1.0,0.0,0.1,2018
699,European,66829692.0,919.0,80.79,47.54,13655671.0,265.0,73.43,39.61,2019
700,British,7127199.0,47.0,8.62,2.43,809571.0,13.0,4.35,1.94,2019
701,Icelandic,2103018.0,40.0,2.54,2.07,554192.0,7.0,2.98,1.05,2019
702,African American,1120869.0,164.0,1.36,8.48,66625.0,45.0,0.36,6.73,2019
703,Japanese,730356.0,31.0,0.88,1.6,34220.0,19.0,0.18,2.84,2019
704,East Asian,660502.0,24.0,0.8,1.24,221210.0,22.0,1.19,3.29,2019
705,African,556869.0,55.0,0.67,2.85,81211.0,29.0,0.44,4.33,2019
706,Hispanic/Latino,511714.0,37.0,0.62,1.91,4777.0,1.0,0.03,0.15,2019
707,Asian,448332.0,124.0,0.54,6.41,2314267.0,56.0,12.45,8.37,2019
708,European American,402684.0,3.0,0.49,0.16,,,,,2019
709,European and South Asian,382181.0,3.0,0.46,0.16,,,,,2019
710,Hispanic,266912.0,89.0,0.32,4.6,519159.0,70.0,2.79,10.46,2019
711,European and East Asian,232379.0,4.0,0.28,0.21,,,,,2019
712,Danish,223920.0,12.0,0.27,0.62,,,,,2019
713,Korean,199454.0,44.0,0.24,2.28,77314.0,24.0,0.42,3.59,2019
714,Finnish,194877.0,29.0,0.24,1.5,25748.0,3.0,0.14,0.45,2019
715,South Asian,109346.0,10.0,0.13,0.52,53362.0,16.0,0.29,2.39,2019
716,Hispanic or Latin American,108829.0,22.0,0.13,1.14,,,,,2019
717,European and Hispanic/Latino,62916.0,3.0,0.08,0.16,,,,,2019
718,Han Chinese,57957.0,25.0,0.07,1.29,26274.0,16.0,0.14,2.39,2019
719,Native Hawaiian,56375.0,27.0,0.07,1.4,,,,,2019
720,Sub Saharan African,47742.0,22.0,0.06,1.14,,,,,2019
721,Latin American,43652.0,7.0,0.05,0.36,,,,,2019
722,Latino American,28287.0,3.0,0.03,0.16,,,,,2019
723,Hispanic or Latino,26344.0,1.0,0.03,0.05,,,,,2019
724,Chinese,25341.0,15.0,0.03,0.78,16780.0,3.0,0.09,0.45,2019
725,Singaporean Han Chinese,16759.0,1.0,0.02,0.05,,,,,2019
726,Native American,13629.0,37.0,0.02,1.91,,,,,2019
727,European and Rankin,10617.0,4.0,0.01,0.21,,,,,2019
728,Taiwanese,9939.0,2.0,0.01,0.1,,,,,2019
729,African American Afro Caribbean,9518.0,2.0,0.01,0.1,,,,,2019
730,Rucphen,8885.0,4.0,0.01,0.21,,,,,2019
731,Mexican American,8816.0,3.0,0.01,0.16,,,,,2019
732,Latina,8801.0,2.0,0.01,0.1,,,,,2019
733,Indian,7236.0,8.0,0.01,0.41,,,,,2019
734,Japaneses,6349.0,1.0,0.01,0.05,,,,,2019
735,English,5783.0,2.0,0.01,0.1,,,,,2019
736,Croatian,5312.0,7.0,0.01,0.36,,,,,2019
737,Hispanic American,5298.0,6.0,0.01,0.31,,,,,2019
738,Scottish,4457.0,4.0,0.01,0.21,,,,,2019
739,Peruvian,3980.0,2.0,0.0,0.1,,,,,2019
740,East Asian American,2740.0,3.0,0.0,0.16,,,,,2019
741,Spanish,2701.0,4.0,0.0,0.21,,,,,2019
742,Lebanese,2700.0,1.0,0.0,0.05,,,,,2019
743,Turkish,2248.0,3.0,0.0,0.16,,,,,2019
744,Hispanic/Latin American,2094.0,2.0,0.0,0.1,,,,,2019
745,South African,1630.0,8.0,0.0,0.41,,,,,2019
746,French Canadian,1589.0,1.0,0.0,0.05,,,,,2019
747,Korkulan,1529.0,3.0,0.0,0.16,,,,,2019
748,Thai,1498.0,3.0,0.0,0.16,,,,,2019
749,Filipino,1449.0,1.0,0.0,0.05,,,,,2019
750,Cape Verdian,1368.0,2.0,0.0,0.1,,,,,2019
751,Iranian,1176.0,2.0,0.0,0.1,,,,,2019
752,Chilean Latino,1095.0,2.0,0.0,0.1,1643.0,2.0,0.01,0.3,2019
753,Afro Caribbean,1052.0,1.0,0.0,0.05,,,,,2019
754,Malay,947.0,8.0,0.0,0.41,,,,,2019
755,Indo European,877.0,1.0,0.0,0.05,1829.0,1.0,0.01,0.15,2019
756,Ashkenazi Jewish,790.0,2.0,0.0,0.1,,,,,2019
757,Cuban,762.0,1.0,0.0,0.05,,,,,2019
758,American Indian,687.0,4.0,0.0,0.21,,,,,2019
759,Egyptian,631.0,2.0,0.0,0.1,574.0,2.0,0.0,0.3,2019
760,Black,572.0,1.0,0.0,0.05,,,,,2019
761,European  Mediterranean,418.0,2.0,0.0,0.1,,,,,2019
762,Mexican,396.0,1.0,0.0,0.05,3693.0,1.0,0.02,0.15,2019
763,Surinamese,395.0,1.0,0.0,0.05,,,,,2019
764,South Asian American,379.0,3.0,0.0,0.16,,,,,2019
765,Moroccan,365.0,1.0,0.0,0.05,,,,,2019
766,Quechua,312.0,2.0,0.0,0.1,,,,,2019
767,Tiwi Islander,249.0,1.0,0.0,0.05,497.0,1.0,0.0,0.15,2019
768,Latino,228.0,2.0,0.0,0.1,2963.0,1.0,0.02,0.15,2019
769,Black or African American,80.0,3.0,0.0,0.16,,,,,2019
770,African American or African,55.0,1.0,0.0,0.05,,,,,2019
771,South East Asian,33.0,1.0,0.0,0.05,,,,,2019
772,Pacific Islander,33.0,3.0,0.0,0.16,,,,,2019
773,American Indian/Alaskan Native,7.0,1.0,0.0,0.05,,,,,2019
774,American Indian or Alaskan Native,6.0,3.0,0.0,0.16,,,,,2019
775,Mixed,4.0,1.0,0.0,0.05,,,,,2019
776,Native Hawaiian or Pacific Islander,4.0,3.0,0.0,0.16,,,,,2019
777,Arabic/North African,3.0,1.0,0.0,0.05,,,,,2019
778,Chilean,2.0,2.0,0.0,0.1,,,,,2019
779,Central/South Asian,1.0,1.0,0.0,0.05,,,,,2019
780,African American or Afro Caribbean,,,,,58527.0,30.0,0.31,4.48,2019
781,Brazilian,,,,,38820.0,18.0,0.21,2.69,2019
782,South African Black,,,,,9636.0,12.0,0.05,1.79,2019
783,Singaporean Chinese,,,,,6337.0,1.0,0.03,0.15,2019
784,Caribbean,,,,,3799.0,1.0,0.02,0.15,2019
785,Fruili Venezia Giulia,,,,,2943.0,3.0,0.02,0.45,2019
786,South African Zulu,,,,,2578.0,2.0,0.01,0.3,2019
787,Carlantino,,,,,1173.0,3.0,0.01,0.45,2019
788,Northeast Asian,,,,,204.0,2.0,0.0,0.3,2019
