Agencies	Counter
NHLBI NIH HHS	18601.0
NCI NIH HHS	6938.0
Medical Research Council (UK)	6653.0
NIA NIH HHS	5978.0
NIDDK NIH HHS	4023.0
NIMH NIH HHS	3614.0
Wellcome Trust	2755.0
NHGRI NIH HHS	2670.0
NCRR NIH HHS	1903.0
NIAID NIH HHS	1413.0
NIAMS NIH HHS	1328.0
NIDA NIH HHS	1247.0
NCATS NIH HHS	1237.0
NIAAA NIH HHS	1155.0
NINDS NIH HHS	1081.0
NIGMS NIH HHS	943.0
Cancer Research UK	898.0
Intramural NIH HHS	840.0
NICHD NIH HHS	767.0
NEI NIH HHS	691.0
Under 50 Studies	660.0
British Heart Foundation	632.0
NIEHS NIH HHS	610.0
WHI NIH HHS	598.0
PHS HHS	552.0
NIDCR NIH HHS	503.0
NIH (Other)	410.0
Unclear	345.0
Chief Scientist Office UK	305.0
CIHR	284.0
NIMHD NIH HHS	254.0
Biotechnology and Biological Sciences Research Council	183.0
Veterans Association	146.0
NIBIB NIH HHS	139.0
NLM NIH HHS	134.0
FIC NIH HHS	130.0
Arthritis Research UK	113.0
European Research Council	75.0
NCCDPHP CDC HHS	71.0
CCR NIH HHS	63.0
Howard Hughes Medical Institute	61.0
Versus Arthritis	60.0
Parkinson's UK	51.0
