{"2008": {"0": {"country": "Australia", "population": "24450561", "studies": "4", "studiesPercentage": "2.72", "participants": "5538", "participantsPercentage": "1.11"}, "1": {"country": "Belgium", "population": "11429336", "studies": "1", "studiesPercentage": "0.68", "participants": "130", "participantsPercentage": "0.03"}, "2": {"country": "Bulgaria", "population": "7084571", "studies": "1", "studiesPercentage": "0.68", "participants": "2327", "participantsPercentage": "0.47"}, "3": {"country": "Canada", "population": "36624199", "studies": "2", "studiesPercentage": "1.36", "participants": "3619", "participantsPercentage": "0.72"}, "4": {"country": "China", "population": "1409517397", "studies": "3", "studiesPercentage": "2.04", "participants": "4444", "participantsPercentage": "0.89"}, "5": {"country": "Croatia", "population": "4189353", "studies": "1", "studiesPercentage": "0.68", "participants": "794", "participantsPercentage": "0.16"}, "6": {"country": "Denmark", "population": "5733551", "studies": "4", "studiesPercentage": "2.72", "participants": "40000", "participantsPercentage": "8.0"}, "7": {"country": "Finland", "population": "5523231", "studies": "4", "studiesPercentage": "2.72", "participants": "37973", "participantsPercentage": "7.59"}, "8": {"country": "France", "population": "64979548", "studies": "3", "studiesPercentage": "2.04", "participants": "6617", "participantsPercentage": "1.32"}, "9": {"country": "Germany", "population": "82114224", "studies": "9", "studiesPercentage": "6.12", "participants": "20888", "participantsPercentage": "4.18"}, "10": {"country": "Iceland", "population": "335025", "studies": "6", "studiesPercentage": "4.08", "participants": "65557", "participantsPercentage": "13.1"}, "11": {"country": "Israel", "population": "8321570", "studies": "4", "studiesPercentage": "2.72", "participants": "12897", "participantsPercentage": "2.58"}, "12": {"country": "Italy", "population": "59359900", "studies": "3", "studiesPercentage": "2.04", "participants": "9281", "participantsPercentage": "1.86"}, "13": {"country": "Japan", "population": "127484450", "studies": "8", "studiesPercentage": "5.44", "participants": "26876", "participantsPercentage": "5.37"}, "14": {"country": "Mexico", "population": "129163276", "studies": "1", "studiesPercentage": "0.68", "participants": "2528", "participantsPercentage": "0.51"}, "15": {"country": "Micronesia, Federated States of", "population": "105544", "studies": "1", "studiesPercentage": "0.68", "participants": "2346", "participantsPercentage": "0.47"}, "16": {"country": "Netherlands", "population": "17035938", "studies": "6", "studiesPercentage": "4.08", "participants": "28437", "participantsPercentage": "5.68"}, "17": {"country": "Spain", "population": "46354321", "studies": "4", "studiesPercentage": "2.72", "participants": "2169", "participantsPercentage": "0.43"}, "18": {"country": "Sweden", "population": "9910701", "studies": "2", "studiesPercentage": "1.36", "participants": "4389", "participantsPercentage": "0.88"}, "19": {"country": "Switzerland", "population": "8476005", "studies": "2", "studiesPercentage": "1.36", "participants": "8606", "participantsPercentage": "1.72"}, "20": {"country": "United Kingdom", "population": "66181585", "studies": "42", "studiesPercentage": "28.57", "participants": "151549", "participantsPercentage": "30.29"}, "21": {"country": "United States", "population": "324459463", "studies": "36", "studiesPercentage": "24.49", "participants": "63283", "participantsPercentage": "12.65"}}, "2009": {"0": {"country": "Australia", "population": "24450561", "studies": "21", "studiesPercentage": "7.84", "participants": "40398", "participantsPercentage": "3.95"}, "1": {"country": "Barbados", "population": "285719", "studies": "1", "studiesPercentage": "0.37", "participants": "5264", "participantsPercentage": "0.51"}, "2": {"country": "China", "population": "1409517397", "studies": "19", "studiesPercentage": "7.09", "participants": "68699", "participantsPercentage": "6.72"}, "3": {"country": "Costa Rica", "population": "4905769", "studies": "1", "studiesPercentage": "0.37", "participants": "1776", "participantsPercentage": "0.17"}, "4": {"country": "Croatia", "population": "4189353", "studies": "2", "studiesPercentage": "0.75", "participants": "1796", "participantsPercentage": "0.18"}, "5": {"country": "Finland", "population": "5523231", "studies": "1", "studiesPercentage": "0.37", "participants": "4462", "participantsPercentage": "0.44"}, "6": {"country": "France", "population": "64979548", "studies": "7", "studiesPercentage": "2.61", "participants": "20177", "participantsPercentage": "1.97"}, "7": {"country": "Gambia, The", "population": "2100568", "studies": "2", "studiesPercentage": "0.75", "participants": "5503", "participantsPercentage": "0.54"}, "8": {"country": "Germany", "population": "82114224", "studies": "21", "studiesPercentage": "7.84", "participants": "52287", "participantsPercentage": "5.11"}, "9": {"country": "Iceland", "population": "335025", "studies": "8", "studiesPercentage": "2.99", "participants": "184008", "participantsPercentage": "18.0"}, "10": {"country": "Italy", "population": "59359900", "studies": "6", "studiesPercentage": "2.24", "participants": "12220", "participantsPercentage": "1.2"}, "11": {"country": "Japan", "population": "127484450", "studies": "20", "studiesPercentage": "7.46", "participants": "56572", "participantsPercentage": "5.53"}, "12": {"country": "Korea, South", "population": "50982212", "studies": "11", "studiesPercentage": "4.1", "participants": "48887", "participantsPercentage": "4.78"}, "13": {"country": "Malaysia", "population": "31624264", "studies": "2", "studiesPercentage": "0.75", "participants": "791", "participantsPercentage": "0.08"}, "14": {"country": "Mexico", "population": "129163276", "studies": "1", "studiesPercentage": "0.37", "participants": "1476", "participantsPercentage": "0.14"}, "15": {"country": "Micronesia, Federated States of", "population": "105544", "studies": "2", "studiesPercentage": "0.75", "participants": "4168", "participantsPercentage": "0.41"}, "16": {"country": "Netherlands", "population": "17035938", "studies": "8", "studiesPercentage": "2.99", "participants": "23617", "participantsPercentage": "2.31"}, "17": {"country": "Norway", "population": "5305383", "studies": "2", "studiesPercentage": "0.75", "participants": "2216", "participantsPercentage": "0.22"}, "18": {"country": "Romania", "population": "19679306", "studies": "1", "studiesPercentage": "0.37", "participants": "76", "participantsPercentage": "0.01"}, "19": {"country": "Spain", "population": "46354321", "studies": "3", "studiesPercentage": "1.12", "participants": "587", "participantsPercentage": "0.06"}, "20": {"country": "Sweden", "population": "9910701", "studies": "2", "studiesPercentage": "0.75", "participants": "1641", "participantsPercentage": "0.16"}, "21": {"country": "Switzerland", "population": "8476005", "studies": "1", "studiesPercentage": "0.37", "participants": "333", "participantsPercentage": "0.03"}, "22": {"country": "Thailand", "population": "69037513", "studies": "2", "studiesPercentage": "0.75", "participants": "967", "participantsPercentage": "0.09"}, "23": {"country": "Trinidad and Tobago", "population": "1369125", "studies": "1", "studiesPercentage": "0.37", "participants": "908", "participantsPercentage": "0.09"}, "24": {"country": "Turkey", "population": "80745020", "studies": "1", "studiesPercentage": "0.37", "participants": "322", "participantsPercentage": "0.03"}, "25": {"country": "United Kingdom", "population": "66181585", "studies": "38", "studiesPercentage": "14.18", "participants": "191334", "participantsPercentage": "18.71"}, "26": {"country": "United States", "population": "324459463", "studies": "84", "studiesPercentage": "31.34", "participants": "291946", "participantsPercentage": "28.55"}}, "2010": {"0": {"country": "Australia", "population": "24450561", "studies": "12", "studiesPercentage": "3.43", "participants": "43047", "participantsPercentage": "3.9"}, "1": {"country": "Belarus", "population": "9468338", "studies": "1", "studiesPercentage": "0.29", "participants": "1021", "participantsPercentage": "0.09"}, "2": {"country": "Canada", "population": "36624199", "studies": "1", "studiesPercentage": "0.29", "participants": "4187", "participantsPercentage": "0.38"}, "3": {"country": "China", "population": "1409517397", "studies": "35", "studiesPercentage": "10.0", "participants": "106407", "participantsPercentage": "9.64"}, "4": {"country": "Croatia", "population": "4189353", "studies": "1", "studiesPercentage": "0.29", "participants": "1445", "participantsPercentage": "0.13"}, "5": {"country": "Cyprus", "population": "1179551", "studies": "1", "studiesPercentage": "0.29", "participants": "875", "participantsPercentage": "0.08"}, "6": {"country": "Estonia", "population": "1309632", "studies": "1", "studiesPercentage": "0.29", "participants": "2744", "participantsPercentage": "0.25"}, "7": {"country": "Finland", "population": "5523231", "studies": "6", "studiesPercentage": "1.71", "participants": "21632", "participantsPercentage": "1.96"}, "8": {"country": "France", "population": "64979548", "studies": "2", "studiesPercentage": "0.57", "participants": "6046", "participantsPercentage": "0.55"}, "9": {"country": "Germany", "population": "82114224", "studies": "17", "studiesPercentage": "4.86", "participants": "83594", "participantsPercentage": "7.57"}, "10": {"country": "Iceland", "population": "335025", "studies": "7", "studiesPercentage": "2.0", "participants": "120284", "participantsPercentage": "10.9"}, "11": {"country": "India", "population": "1339180127", "studies": "1", "studiesPercentage": "0.29", "participants": "322", "participantsPercentage": "0.03"}, "12": {"country": "Israel", "population": "8321570", "studies": "1", "studiesPercentage": "0.29", "participants": "266", "participantsPercentage": "0.02"}, "13": {"country": "Italy", "population": "59359900", "studies": "5", "studiesPercentage": "1.43", "participants": "8382", "participantsPercentage": "0.76"}, "14": {"country": "Jamaica", "population": "2890299", "studies": "1", "studiesPercentage": "0.29", "participants": "79", "participantsPercentage": "0.01"}, "15": {"country": "Japan", "population": "127484450", "studies": "35", "studiesPercentage": "10.0", "participants": "135092", "participantsPercentage": "12.24"}, "16": {"country": "Korea, South", "population": "50982212", "studies": "14", "studiesPercentage": "4.0", "participants": "24872", "participantsPercentage": "2.25"}, "17": {"country": "Malawi", "population": "18622104", "studies": "2", "studiesPercentage": "0.57", "participants": "1605", "participantsPercentage": "0.15"}, "18": {"country": "Netherlands", "population": "17035938", "studies": "14", "studiesPercentage": "4.0", "participants": "54206", "participantsPercentage": "4.91"}, "19": {"country": "Norway", "population": "5305383", "studies": "6", "studiesPercentage": "1.71", "participants": "11374", "participantsPercentage": "1.03"}, "20": {"country": "Philippines", "population": "104918090", "studies": "3", "studiesPercentage": "0.86", "participants": "5244", "participantsPercentage": "0.48"}, "21": {"country": "Singapore", "population": "5708844", "studies": "1", "studiesPercentage": "0.29", "participants": "980", "participantsPercentage": "0.09"}, "22": {"country": "Spain", "population": "46354321", "studies": "1", "studiesPercentage": "0.29", "participants": "352", "participantsPercentage": "0.03"}, "23": {"country": "Sweden", "population": "9910701", "studies": "5", "studiesPercentage": "1.43", "participants": "22184", "participantsPercentage": "2.01"}, "24": {"country": "Switzerland", "population": "8476005", "studies": "2", "studiesPercentage": "0.57", "participants": "4470", "participantsPercentage": "0.41"}, "25": {"country": "Thailand", "population": "69037513", "studies": "2", "studiesPercentage": "0.57", "participants": "2246", "participantsPercentage": "0.2"}, "26": {"country": "Turkey", "population": "80745020", "studies": "1", "studiesPercentage": "0.29", "participants": "2493", "participantsPercentage": "0.23"}, "27": {"country": "United Kingdom", "population": "66181585", "studies": "41", "studiesPercentage": "11.71", "participants": "183512", "participantsPercentage": "16.63"}, "28": {"country": "United States", "population": "324459463", "studies": "131", "studiesPercentage": "37.43", "participants": "254700", "participantsPercentage": "23.08"}}, "2011": {"0": {"country": "Australia", "population": "24450561", "studies": "18", "studiesPercentage": "3.79", "participants": "128603", "participantsPercentage": "6.57"}, "1": {"country": "Bulgaria", "population": "7084571", "studies": "2", "studiesPercentage": "0.42", "participants": "1014", "participantsPercentage": "0.05"}, "2": {"country": "Canada", "population": "36624199", "studies": "6", "studiesPercentage": "1.26", "participants": "6663", "participantsPercentage": "0.34"}, "3": {"country": "China", "population": "1409517397", "studies": "48", "studiesPercentage": "10.11", "participants": "221374", "participantsPercentage": "11.31"}, "4": {"country": "Costa Rica", "population": "4905769", "studies": "1", "studiesPercentage": "0.21", "participants": "584", "participantsPercentage": "0.03"}, "5": {"country": "Denmark", "population": "5733551", "studies": "6", "studiesPercentage": "1.26", "participants": "18776", "participantsPercentage": "0.96"}, "6": {"country": "Finland", "population": "5523231", "studies": "3", "studiesPercentage": "0.63", "participants": "11153", "participantsPercentage": "0.57"}, "7": {"country": "France", "population": "64979548", "studies": "6", "studiesPercentage": "1.26", "participants": "6868", "participantsPercentage": "0.35"}, "8": {"country": "Germany", "population": "82114224", "studies": "21", "studiesPercentage": "4.42", "participants": "40530", "participantsPercentage": "2.07"}, "9": {"country": "Iceland", "population": "335025", "studies": "7", "studiesPercentage": "1.47", "participants": "183518", "participantsPercentage": "9.37"}, "10": {"country": "India", "population": "1339180127", "studies": "2", "studiesPercentage": "0.42", "participants": "802", "participantsPercentage": "0.04"}, "11": {"country": "Indonesia", "population": "263991379", "studies": "2", "studiesPercentage": "0.42", "participants": "3614", "participantsPercentage": "0.18"}, "12": {"country": "Iran", "population": "81162788", "studies": "1", "studiesPercentage": "0.21", "participants": "515", "participantsPercentage": "0.03"}, "13": {"country": "Israel", "population": "8321570", "studies": "1", "studiesPercentage": "0.21", "participants": "189", "participantsPercentage": "0.01"}, "14": {"country": "Italy", "population": "59359900", "studies": "15", "studiesPercentage": "3.16", "participants": "14762", "participantsPercentage": "0.75"}, "15": {"country": "Japan", "population": "127484450", "studies": "38", "studiesPercentage": "8.0", "participants": "188647", "participantsPercentage": "9.64"}, "16": {"country": "Korea, South", "population": "50982212", "studies": "18", "studiesPercentage": "3.79", "participants": "71874", "participantsPercentage": "3.67"}, "17": {"country": "Mexico", "population": "129163276", "studies": "1", "studiesPercentage": "0.21", "participants": "1310", "participantsPercentage": "0.07"}, "18": {"country": "Netherlands", "population": "17035938", "studies": "14", "studiesPercentage": "2.95", "participants": "61918", "participantsPercentage": "3.16"}, "19": {"country": "New Zealand", "population": "4705818", "studies": "1", "studiesPercentage": "0.21", "participants": "129", "participantsPercentage": "0.01"}, "20": {"country": "Norway", "population": "5305383", "studies": "7", "studiesPercentage": "1.47", "participants": "18196", "participantsPercentage": "0.93"}, "21": {"country": "Philippines", "population": "104918090", "studies": "1", "studiesPercentage": "0.21", "participants": "1783", "participantsPercentage": "0.09"}, "22": {"country": "Russia", "population": "143989754", "studies": "2", "studiesPercentage": "0.42", "participants": "1096", "participantsPercentage": "0.06"}, "23": {"country": "Serbia", "population": "8790574", "studies": "1", "studiesPercentage": "0.21", "participants": "524", "participantsPercentage": "0.03"}, "24": {"country": "Singapore", "population": "5708844", "studies": "21", "studiesPercentage": "4.42", "participants": "46738", "participantsPercentage": "2.39"}, "25": {"country": "South Africa", "population": "56717156", "studies": "2", "studiesPercentage": "0.42", "participants": "230", "participantsPercentage": "0.01"}, "26": {"country": "Spain", "population": "46354321", "studies": "2", "studiesPercentage": "0.42", "participants": "1823", "participantsPercentage": "0.09"}, "27": {"country": "Sweden", "population": "9910701", "studies": "1", "studiesPercentage": "0.21", "participants": "327", "participantsPercentage": "0.02"}, "28": {"country": "Switzerland", "population": "8476005", "studies": "3", "studiesPercentage": "0.63", "participants": "6961", "participantsPercentage": "0.36"}, "29": {"country": "Thailand", "population": "69037513", "studies": "3", "studiesPercentage": "0.63", "participants": "1825", "participantsPercentage": "0.09"}, "30": {"country": "United Kingdom", "population": "66181585", "studies": "31", "studiesPercentage": "6.53", "participants": "198928", "participantsPercentage": "10.16"}, "31": {"country": "United States", "population": "324459463", "studies": "188", "studiesPercentage": "39.58", "participants": "707959", "participantsPercentage": "36.16"}, "32": {"country": "Vietnam", "population": "95540800", "studies": "2", "studiesPercentage": "0.42", "participants": "8697", "participantsPercentage": "0.44"}}, "2012": {"0": {"country": "Australia", "population": "24450561", "studies": "14", "studiesPercentage": "2.73", "participants": "43376", "participantsPercentage": "2.06"}, "1": {"country": "Bangladesh", "population": "164669751", "studies": "1", "studiesPercentage": "0.2", "participants": "1313", "participantsPercentage": "0.06"}, "2": {"country": "Bulgaria", "population": "7084571", "studies": "2", "studiesPercentage": "0.39", "participants": "991", "participantsPercentage": "0.05"}, "3": {"country": "China", "population": "1409517397", "studies": "63", "studiesPercentage": "12.3", "participants": "272567", "participantsPercentage": "12.94"}, "4": {"country": "Costa Rica", "population": "4905769", "studies": "2", "studiesPercentage": "0.39", "participants": "2400", "participantsPercentage": "0.11"}, "5": {"country": "Croatia", "population": "4189353", "studies": "1", "studiesPercentage": "0.2", "participants": "1300", "participantsPercentage": "0.06"}, "6": {"country": "Denmark", "population": "5733551", "studies": "3", "studiesPercentage": "0.59", "participants": "5270", "participantsPercentage": "0.25"}, "7": {"country": "Egypt", "population": "97553151", "studies": "1", "studiesPercentage": "0.2", "participants": "372", "participantsPercentage": "0.02"}, "8": {"country": "Ethiopia", "population": "104957438", "studies": "2", "studiesPercentage": "0.39", "participants": "1003", "participantsPercentage": "0.05"}, "9": {"country": "Finland", "population": "5523231", "studies": "14", "studiesPercentage": "2.73", "participants": "86993", "participantsPercentage": "4.13"}, "10": {"country": "France", "population": "64979548", "studies": "7", "studiesPercentage": "1.37", "participants": "14046", "participantsPercentage": "0.67"}, "11": {"country": "Germany", "population": "82114224", "studies": "17", "studiesPercentage": "3.32", "participants": "32743", "participantsPercentage": "1.55"}, "12": {"country": "Ghana", "population": "28833629", "studies": "2", "studiesPercentage": "0.39", "participants": "5329", "participantsPercentage": "0.25"}, "13": {"country": "Iceland", "population": "335025", "studies": "5", "studiesPercentage": "0.98", "participants": "102675", "participantsPercentage": "4.88"}, "14": {"country": "India", "population": "1339180127", "studies": "5", "studiesPercentage": "0.98", "participants": "14315", "participantsPercentage": "0.68"}, "15": {"country": "Indonesia", "population": "263991379", "studies": "3", "studiesPercentage": "0.59", "participants": "3371", "participantsPercentage": "0.16"}, "16": {"country": "Italy", "population": "59359900", "studies": "4", "studiesPercentage": "0.78", "participants": "7176", "participantsPercentage": "0.34"}, "17": {"country": "Japan", "population": "127484450", "studies": "60", "studiesPercentage": "11.72", "participants": "472669", "participantsPercentage": "22.44"}, "18": {"country": "Korea, South", "population": "50982212", "studies": "15", "studiesPercentage": "2.93", "participants": "46639", "participantsPercentage": "2.21"}, "19": {"country": "Lebanon", "population": "6082357", "studies": "2", "studiesPercentage": "0.39", "participants": "4496", "participantsPercentage": "0.21"}, "20": {"country": "Mongolia", "population": "3075647", "studies": "1", "studiesPercentage": "0.2", "participants": "756", "participantsPercentage": "0.04"}, "21": {"country": "Netherlands", "population": "17035938", "studies": "7", "studiesPercentage": "1.37", "participants": "26202", "participantsPercentage": "1.24"}, "22": {"country": "Norfolk Island", "population": "1748", "studies": "1", "studiesPercentage": "0.2", "participants": "285", "participantsPercentage": "0.01"}, "23": {"country": "Norway", "population": "5305383", "studies": "4", "studiesPercentage": "0.78", "participants": "1485", "participantsPercentage": "0.07"}, "24": {"country": "Pakistan", "population": "197015955", "studies": "2", "studiesPercentage": "0.39", "participants": "6115", "participantsPercentage": "0.29"}, "25": {"country": "Philippines", "population": "104918090", "studies": "1", "studiesPercentage": "0.2", "participants": "1776", "participantsPercentage": "0.08"}, "26": {"country": "Poland", "population": "38170712", "studies": "2", "studiesPercentage": "0.39", "participants": "571", "participantsPercentage": "0.03"}, "27": {"country": "Russia", "population": "143989754", "studies": "2", "studiesPercentage": "0.39", "participants": "13931", "participantsPercentage": "0.66"}, "28": {"country": "Saudi Arabia", "population": "32938213", "studies": "1", "studiesPercentage": "0.2", "participants": "340", "participantsPercentage": "0.02"}, "29": {"country": "Singapore", "population": "5708844", "studies": "5", "studiesPercentage": "0.98", "participants": "12015", "participantsPercentage": "0.57"}, "30": {"country": "Solomon Islands", "population": "611343", "studies": "1", "studiesPercentage": "0.2", "participants": "85", "participantsPercentage": "0.0"}, "31": {"country": "Spain", "population": "46354321", "studies": "4", "studiesPercentage": "0.78", "participants": "6520", "participantsPercentage": "0.31"}, "32": {"country": "Sweden", "population": "9910701", "studies": "14", "studiesPercentage": "2.73", "participants": "99795", "participantsPercentage": "4.74"}, "33": {"country": "Thailand", "population": "69037513", "studies": "5", "studiesPercentage": "0.98", "participants": "3180", "participantsPercentage": "0.15"}, "34": {"country": "United Kingdom", "population": "66181585", "studies": "34", "studiesPercentage": "6.64", "participants": "226739", "participantsPercentage": "10.77"}, "35": {"country": "United States", "population": "324459463", "studies": "205", "studiesPercentage": "40.04", "participants": "587198", "participantsPercentage": "27.88"}}, "2013": {"0": {"country": "Australia", "population": "24450561", "studies": "21", "studiesPercentage": "3.43", "participants": "49494", "participantsPercentage": "2.19"}, "1": {"country": "Barbados", "population": "285719", "studies": "2", "studiesPercentage": "0.33", "participants": "2106", "participantsPercentage": "0.09"}, "2": {"country": "Brazil", "population": "209288278", "studies": "10", "studiesPercentage": "1.63", "participants": "6570", "participantsPercentage": "0.29"}, "3": {"country": "Canada", "population": "36624199", "studies": "7", "studiesPercentage": "1.14", "participants": "15480", "participantsPercentage": "0.69"}, "4": {"country": "China", "population": "1409517397", "studies": "63", "studiesPercentage": "10.29", "participants": "227596", "participantsPercentage": "10.09"}, "5": {"country": "Costa Rica", "population": "4905769", "studies": "1", "studiesPercentage": "0.16", "participants": "592", "participantsPercentage": "0.03"}, "6": {"country": "Denmark", "population": "5733551", "studies": "8", "studiesPercentage": "1.31", "participants": "27362", "participantsPercentage": "1.21"}, "7": {"country": "Egypt", "population": "97553151", "studies": "1", "studiesPercentage": "0.16", "participants": "169", "participantsPercentage": "0.01"}, "8": {"country": "Finland", "population": "5523231", "studies": "7", "studiesPercentage": "1.14", "participants": "24306", "participantsPercentage": "1.08"}, "9": {"country": "France", "population": "64979548", "studies": "3", "studiesPercentage": "0.49", "participants": "4632", "participantsPercentage": "0.21"}, "10": {"country": "Germany", "population": "82114224", "studies": "16", "studiesPercentage": "2.61", "participants": "36866", "participantsPercentage": "1.63"}, "11": {"country": "Ghana", "population": "28833629", "studies": "1", "studiesPercentage": "0.16", "participants": "932", "participantsPercentage": "0.04"}, "12": {"country": "Guatemala", "population": "16913503", "studies": "1", "studiesPercentage": "0.16", "participants": "25", "participantsPercentage": "0.0"}, "13": {"country": "Iceland", "population": "335025", "studies": "2", "studiesPercentage": "0.33", "participants": "143195", "participantsPercentage": "6.35"}, "14": {"country": "India", "population": "1339180127", "studies": "6", "studiesPercentage": "0.98", "participants": "9406", "participantsPercentage": "0.42"}, "15": {"country": "Iran", "population": "81162788", "studies": "4", "studiesPercentage": "0.65", "participants": "2727", "participantsPercentage": "0.12"}, "16": {"country": "Ireland", "population": "4761657", "studies": "1", "studiesPercentage": "0.16", "participants": "263", "participantsPercentage": "0.01"}, "17": {"country": "Israel", "population": "8321570", "studies": "1", "studiesPercentage": "0.16", "participants": "2544", "participantsPercentage": "0.11"}, "18": {"country": "Italy", "population": "59359900", "studies": "20", "studiesPercentage": "3.27", "participants": "21783", "participantsPercentage": "0.97"}, "19": {"country": "Japan", "population": "127484450", "studies": "55", "studiesPercentage": "8.99", "participants": "162689", "participantsPercentage": "7.21"}, "20": {"country": "Korea, South", "population": "50982212", "studies": "37", "studiesPercentage": "6.05", "participants": "71430", "participantsPercentage": "3.17"}, "21": {"country": "Lithuania", "population": "2890297", "studies": "1", "studiesPercentage": "0.16", "participants": "94", "participantsPercentage": "0.0"}, "22": {"country": "Malaysia", "population": "31624264", "studies": "1", "studiesPercentage": "0.16", "participants": "212", "participantsPercentage": "0.01"}, "23": {"country": "Mexico", "population": "129163276", "studies": "4", "studiesPercentage": "0.65", "participants": "8722", "participantsPercentage": "0.39"}, "24": {"country": "Netherlands", "population": "17035938", "studies": "14", "studiesPercentage": "2.29", "participants": "22227", "participantsPercentage": "0.99"}, "25": {"country": "Philippines", "population": "104918090", "studies": "2", "studiesPercentage": "0.33", "participants": "3501", "participantsPercentage": "0.16"}, "26": {"country": "Portugal", "population": "10329506", "studies": "1", "studiesPercentage": "0.16", "participants": "139", "participantsPercentage": "0.01"}, "27": {"country": "Russia", "population": "143989754", "studies": "2", "studiesPercentage": "0.33", "participants": "502", "participantsPercentage": "0.02"}, "28": {"country": "Saudi Arabia", "population": "32938213", "studies": "2", "studiesPercentage": "0.33", "participants": "873", "participantsPercentage": "0.04"}, "29": {"country": "Seychelles", "population": "94737", "studies": "1", "studiesPercentage": "0.16", "participants": "1389", "participantsPercentage": "0.06"}, "30": {"country": "Singapore", "population": "5708844", "studies": "17", "studiesPercentage": "2.78", "participants": "40907", "participantsPercentage": "1.81"}, "31": {"country": "South Africa", "population": "56717156", "studies": "2", "studiesPercentage": "0.33", "participants": "1466", "participantsPercentage": "0.06"}, "32": {"country": "Spain", "population": "46354321", "studies": "3", "studiesPercentage": "0.49", "participants": "1897", "participantsPercentage": "0.08"}, "33": {"country": "Sri Lanka", "population": "20876917", "studies": "2", "studiesPercentage": "0.33", "participants": "1154", "participantsPercentage": "0.05"}, "34": {"country": "Sweden", "population": "9910701", "studies": "7", "studiesPercentage": "1.14", "participants": "22089", "participantsPercentage": "0.98"}, "35": {"country": "Switzerland", "population": "8476005", "studies": "1", "studiesPercentage": "0.16", "participants": "1392", "participantsPercentage": "0.06"}, "36": {"country": "Taiwan", "population": "23626456", "studies": "2", "studiesPercentage": "0.33", "participants": "930", "participantsPercentage": "0.04"}, "37": {"country": "Thailand", "population": "69037513", "studies": "1", "studiesPercentage": "0.16", "participants": "1178", "participantsPercentage": "0.05"}, "38": {"country": "Tunisia", "population": "11532127", "studies": "1", "studiesPercentage": "0.16", "participants": "221", "participantsPercentage": "0.01"}, "39": {"country": "Turkey", "population": "80745020", "studies": "1", "studiesPercentage": "0.16", "participants": "788", "participantsPercentage": "0.03"}, "40": {"country": "United Arab Emirates", "population": "9400145", "studies": "2", "studiesPercentage": "0.33", "participants": "493", "participantsPercentage": "0.02"}, "41": {"country": "United Kingdom", "population": "66181585", "studies": "30", "studiesPercentage": "4.9", "participants": "181550", "participantsPercentage": "8.05"}, "42": {"country": "United States", "population": "324459463", "studies": "248", "studiesPercentage": "40.52", "participants": "1153531", "participantsPercentage": "51.14"}}, "2014": {"0": {"country": "Australia", "population": "24450561", "studies": "7", "studiesPercentage": "1.27", "participants": "10565", "participantsPercentage": "0.5"}, "1": {"country": "Bangladesh", "population": "164669751", "studies": "9", "studiesPercentage": "1.63", "participants": "34858", "participantsPercentage": "1.66"}, "2": {"country": "Belgium", "population": "11429336", "studies": "2", "studiesPercentage": "0.36", "participants": "2978", "participantsPercentage": "0.14"}, "3": {"country": "Brazil", "population": "209288278", "studies": "3", "studiesPercentage": "0.54", "participants": "2420", "participantsPercentage": "0.12"}, "4": {"country": "Canada", "population": "36624199", "studies": "4", "studiesPercentage": "0.73", "participants": "7578", "participantsPercentage": "0.36"}, "5": {"country": "China", "population": "1409517397", "studies": "51", "studiesPercentage": "9.26", "participants": "358499", "participantsPercentage": "17.05"}, "6": {"country": "Denmark", "population": "5733551", "studies": "7", "studiesPercentage": "1.27", "participants": "31627", "participantsPercentage": "1.5"}, "7": {"country": "Finland", "population": "5523231", "studies": "7", "studiesPercentage": "1.27", "participants": "22652", "participantsPercentage": "1.08"}, "8": {"country": "France", "population": "64979548", "studies": "4", "studiesPercentage": "0.73", "participants": "12663", "participantsPercentage": "0.6"}, "9": {"country": "Germany", "population": "82114224", "studies": "27", "studiesPercentage": "4.9", "participants": "68139", "participantsPercentage": "3.24"}, "10": {"country": "Greenland", "population": "56480", "studies": "8", "studiesPercentage": "1.45", "participants": "14044", "participantsPercentage": "0.67"}, "11": {"country": "Iceland", "population": "335025", "studies": "3", "studiesPercentage": "0.54", "participants": "275242", "participantsPercentage": "13.09"}, "12": {"country": "India", "population": "1339180127", "studies": "3", "studiesPercentage": "0.54", "participants": "3544", "participantsPercentage": "0.17"}, "13": {"country": "Israel", "population": "8321570", "studies": "2", "studiesPercentage": "0.36", "participants": "2945", "participantsPercentage": "0.14"}, "14": {"country": "Italy", "population": "59359900", "studies": "4", "studiesPercentage": "0.73", "participants": "11196", "participantsPercentage": "0.53"}, "15": {"country": "Japan", "population": "127484450", "studies": "29", "studiesPercentage": "5.26", "participants": "150630", "participantsPercentage": "7.16"}, "16": {"country": "Korea, South", "population": "50982212", "studies": "36", "studiesPercentage": "6.53", "participants": "117675", "participantsPercentage": "5.6"}, "17": {"country": "Lebanon", "population": "6082357", "studies": "1", "studiesPercentage": "0.18", "participants": "3286", "participantsPercentage": "0.16"}, "18": {"country": "Malaysia", "population": "31624264", "studies": "1", "studiesPercentage": "0.18", "participants": "380", "participantsPercentage": "0.02"}, "19": {"country": "Mexico", "population": "129163276", "studies": "6", "studiesPercentage": "1.09", "participants": "28776", "participantsPercentage": "1.37"}, "20": {"country": "Nepal", "population": "29304998", "studies": "1", "studiesPercentage": "0.18", "participants": "981", "participantsPercentage": "0.05"}, "21": {"country": "Netherlands", "population": "17035938", "studies": "28", "studiesPercentage": "5.08", "participants": "113380", "participantsPercentage": "5.39"}, "22": {"country": "Russia", "population": "143989754", "studies": "1", "studiesPercentage": "0.18", "participants": "80", "participantsPercentage": "0.0"}, "23": {"country": "Singapore", "population": "5708844", "studies": "21", "studiesPercentage": "3.81", "participants": "43857", "participantsPercentage": "2.09"}, "24": {"country": "South Africa", "population": "56717156", "studies": "1", "studiesPercentage": "0.18", "participants": "637", "participantsPercentage": "0.03"}, "25": {"country": "Spain", "population": "46354321", "studies": "14", "studiesPercentage": "2.54", "participants": "20500", "participantsPercentage": "0.98"}, "26": {"country": "Sweden", "population": "9910701", "studies": "18", "studiesPercentage": "3.27", "participants": "33301", "participantsPercentage": "1.58"}, "27": {"country": "Switzerland", "population": "8476005", "studies": "2", "studiesPercentage": "0.36", "participants": "2070", "participantsPercentage": "0.1"}, "28": {"country": "Tanzania", "population": "57310019", "studies": "1", "studiesPercentage": "0.18", "participants": "1213", "participantsPercentage": "0.06"}, "29": {"country": "United Kingdom", "population": "66181585", "studies": "31", "studiesPercentage": "5.63", "participants": "104528", "participantsPercentage": "4.97"}, "30": {"country": "United States", "population": "324459463", "studies": "217", "studiesPercentage": "39.38", "participants": "618883", "participantsPercentage": "29.44"}, "31": {"country": "Vietnam", "population": "95540800", "studies": "2", "studiesPercentage": "0.36", "participants": "3262", "participantsPercentage": "0.16"}}, "2015": {"0": {"country": "Australia", "population": "24450561", "studies": "10", "studiesPercentage": "1.34", "participants": "10289", "participantsPercentage": "0.29"}, "1": {"country": "Bangladesh", "population": "164669751", "studies": "3", "studiesPercentage": "0.4", "participants": "5058", "participantsPercentage": "0.14"}, "2": {"country": "Belgium", "population": "11429336", "studies": "1", "studiesPercentage": "0.13", "participants": "165", "participantsPercentage": "0.0"}, "3": {"country": "Brazil", "population": "209288278", "studies": "3", "studiesPercentage": "0.4", "participants": "648", "participantsPercentage": "0.02"}, "4": {"country": "Canada", "population": "36624199", "studies": "13", "studiesPercentage": "1.75", "participants": "2414", "participantsPercentage": "0.07"}, "5": {"country": "China", "population": "1409517397", "studies": "66", "studiesPercentage": "8.87", "participants": "331455", "participantsPercentage": "9.32"}, "6": {"country": "Finland", "population": "5523231", "studies": "10", "studiesPercentage": "1.34", "participants": "10207", "participantsPercentage": "0.29"}, "7": {"country": "France", "population": "64979548", "studies": "13", "studiesPercentage": "1.75", "participants": "49967", "participantsPercentage": "1.4"}, "8": {"country": "Germany", "population": "82114224", "studies": "13", "studiesPercentage": "1.75", "participants": "32413", "participantsPercentage": "0.91"}, "9": {"country": "Greece", "population": "11159773", "studies": "3", "studiesPercentage": "0.4", "participants": "4218", "participantsPercentage": "0.12"}, "10": {"country": "Iceland", "population": "335025", "studies": "7", "studiesPercentage": "0.94", "participants": "1480490", "participantsPercentage": "41.62"}, "11": {"country": "India", "population": "1339180127", "studies": "9", "studiesPercentage": "1.21", "participants": "15732", "participantsPercentage": "0.44"}, "12": {"country": "Indonesia", "population": "263991379", "studies": "1", "studiesPercentage": "0.13", "participants": "135", "participantsPercentage": "0.0"}, "13": {"country": "Iran", "population": "81162788", "studies": "3", "studiesPercentage": "0.4", "participants": "2122", "participantsPercentage": "0.06"}, "14": {"country": "Ireland", "population": "4761657", "studies": "4", "studiesPercentage": "0.54", "participants": "7352", "participantsPercentage": "0.21"}, "15": {"country": "Israel", "population": "8321570", "studies": "2", "studiesPercentage": "0.27", "participants": "154", "participantsPercentage": "0.0"}, "16": {"country": "Italy", "population": "59359900", "studies": "19", "studiesPercentage": "2.55", "participants": "165681", "participantsPercentage": "4.66"}, "17": {"country": "Japan", "population": "127484450", "studies": "26", "studiesPercentage": "3.49", "participants": "102521", "participantsPercentage": "2.88"}, "18": {"country": "Korea, South", "population": "50982212", "studies": "32", "studiesPercentage": "4.3", "participants": "64321", "participantsPercentage": "1.81"}, "19": {"country": "Nepal", "population": "29304998", "studies": "2", "studiesPercentage": "0.27", "participants": "301", "participantsPercentage": "0.01"}, "20": {"country": "Netherlands", "population": "17035938", "studies": "29", "studiesPercentage": "3.9", "participants": "93748", "participantsPercentage": "2.64"}, "21": {"country": "Norway", "population": "5305383", "studies": "6", "studiesPercentage": "0.81", "participants": "11980", "participantsPercentage": "0.34"}, "22": {"country": "Pakistan", "population": "197015955", "studies": "5", "studiesPercentage": "0.67", "participants": "38379", "participantsPercentage": "1.08"}, "23": {"country": "Portugal", "population": "10329506", "studies": "2", "studiesPercentage": "0.27", "participants": "699", "participantsPercentage": "0.02"}, "24": {"country": "Russia", "population": "143989754", "studies": "2", "studiesPercentage": "0.27", "participants": "15087", "participantsPercentage": "0.42"}, "25": {"country": "Saudi Arabia", "population": "32938213", "studies": "1", "studiesPercentage": "0.13", "participants": "891", "participantsPercentage": "0.03"}, "26": {"country": "Singapore", "population": "5708844", "studies": "17", "studiesPercentage": "2.28", "participants": "29621", "participantsPercentage": "0.83"}, "27": {"country": "Spain", "population": "46354321", "studies": "13", "studiesPercentage": "1.75", "participants": "7195", "participantsPercentage": "0.2"}, "28": {"country": "Suriname", "population": "563402", "studies": "2", "studiesPercentage": "0.27", "participants": "2", "participantsPercentage": "0.0"}, "29": {"country": "Sweden", "population": "9910701", "studies": "21", "studiesPercentage": "2.82", "participants": "23408", "participantsPercentage": "0.66"}, "30": {"country": "Thailand", "population": "69037513", "studies": "3", "studiesPercentage": "0.4", "participants": "1756", "participantsPercentage": "0.05"}, "31": {"country": "Turkey", "population": "80745020", "studies": "2", "studiesPercentage": "0.27", "participants": "1238", "participantsPercentage": "0.03"}, "32": {"country": "United Kingdom", "population": "66181585", "studies": "39", "studiesPercentage": "5.24", "participants": "343876", "participantsPercentage": "9.67"}, "33": {"country": "United States", "population": "324459463", "studies": "361", "studiesPercentage": "48.52", "participants": "701500", "participantsPercentage": "19.72"}, "34": {"country": "Vietnam", "population": "95540800", "studies": "1", "studiesPercentage": "0.13", "participants": "2042", "participantsPercentage": "0.06"}}, "2016": {"0": {"country": "Australia", "population": "24450561", "studies": "7", "studiesPercentage": "0.9", "participants": "11672", "participantsPercentage": "0.09"}, "1": {"country": "Brazil", "population": "209288278", "studies": "1", "studiesPercentage": "0.13", "participants": "18", "participantsPercentage": "0.0"}, "2": {"country": "Canada", "population": "36624199", "studies": "10", "studiesPercentage": "1.29", "participants": "4600", "participantsPercentage": "0.04"}, "3": {"country": "China", "population": "1409517397", "studies": "52", "studiesPercentage": "6.72", "participants": "198378", "participantsPercentage": "1.56"}, "4": {"country": "Denmark", "population": "5733551", "studies": "3", "studiesPercentage": "0.39", "participants": "19789", "participantsPercentage": "0.16"}, "5": {"country": "Estonia", "population": "1309632", "studies": "14", "studiesPercentage": "1.81", "participants": "73913", "participantsPercentage": "0.58"}, "6": {"country": "Ethiopia", "population": "104957438", "studies": "2", "studiesPercentage": "0.26", "participants": "646", "participantsPercentage": "0.01"}, "7": {"country": "Finland", "population": "5523231", "studies": "52", "studiesPercentage": "6.72", "participants": "247282", "participantsPercentage": "1.94"}, "8": {"country": "France", "population": "64979548", "studies": "7", "studiesPercentage": "0.9", "participants": "19680", "participantsPercentage": "0.15"}, "9": {"country": "Germany", "population": "82114224", "studies": "12", "studiesPercentage": "1.55", "participants": "32095", "participantsPercentage": "0.25"}, "10": {"country": "Hungary", "population": "9721559", "studies": "2", "studiesPercentage": "0.26", "participants": "2", "participantsPercentage": "0.0"}, "11": {"country": "Iceland", "population": "335025", "studies": "11", "studiesPercentage": "1.42", "participants": "528210", "participantsPercentage": "4.15"}, "12": {"country": "India", "population": "1339180127", "studies": "9", "studiesPercentage": "1.16", "participants": "9988", "participantsPercentage": "0.08"}, "13": {"country": "Italy", "population": "59359900", "studies": "4", "studiesPercentage": "0.52", "participants": "7983", "participantsPercentage": "0.06"}, "14": {"country": "Japan", "population": "127484450", "studies": "31", "studiesPercentage": "4.01", "participants": "120351", "participantsPercentage": "0.95"}, "15": {"country": "Kenya", "population": "49699862", "studies": "4", "studiesPercentage": "0.52", "participants": "10538", "participantsPercentage": "0.08"}, "16": {"country": "Korea, South", "population": "50982212", "studies": "18", "studiesPercentage": "2.33", "participants": "54453", "participantsPercentage": "0.43"}, "17": {"country": "Mexico", "population": "129163276", "studies": "1", "studiesPercentage": "0.13", "participants": "323", "participantsPercentage": "0.0"}, "18": {"country": "Morocco", "population": "35739580", "studies": "2", "studiesPercentage": "0.26", "participants": "1525", "participantsPercentage": "0.01"}, "19": {"country": "Nepal", "population": "29304998", "studies": "1", "studiesPercentage": "0.13", "participants": "295", "participantsPercentage": "0.0"}, "20": {"country": "Netherlands", "population": "17035938", "studies": "22", "studiesPercentage": "2.84", "participants": "93930", "participantsPercentage": "0.74"}, "21": {"country": "New Zealand", "population": "4705818", "studies": "1", "studiesPercentage": "0.13", "participants": "1536", "participantsPercentage": "0.01"}, "22": {"country": "Norway", "population": "5305383", "studies": "7", "studiesPercentage": "0.9", "participants": "6528", "participantsPercentage": "0.05"}, "23": {"country": "Pakistan", "population": "197015955", "studies": "5", "studiesPercentage": "0.65", "participants": "24094", "participantsPercentage": "0.19"}, "24": {"country": "Philippines", "population": "104918090", "studies": "1", "studiesPercentage": "0.13", "participants": "1449", "participantsPercentage": "0.01"}, "25": {"country": "Poland", "population": "38170712", "studies": "6", "studiesPercentage": "0.78", "participants": "5792", "participantsPercentage": "0.05"}, "26": {"country": "Portugal", "population": "10329506", "studies": "2", "studiesPercentage": "0.26", "participants": "746", "participantsPercentage": "0.01"}, "27": {"country": "Russia", "population": "143989754", "studies": "3", "studiesPercentage": "0.39", "participants": "1077", "participantsPercentage": "0.01"}, "28": {"country": "Samoa", "population": "196440", "studies": "1", "studiesPercentage": "0.13", "participants": "3072", "participantsPercentage": "0.02"}, "29": {"country": "Saudi Arabia", "population": "32938213", "studies": "5", "studiesPercentage": "0.65", "participants": "14659", "participantsPercentage": "0.12"}, "30": {"country": "Senegal", "population": "15850567", "studies": "5", "studiesPercentage": "0.65", "participants": "2640", "participantsPercentage": "0.02"}, "31": {"country": "Singapore", "population": "5708844", "studies": "5", "studiesPercentage": "0.65", "participants": "22770", "participantsPercentage": "0.18"}, "32": {"country": "Spain", "population": "46354321", "studies": "10", "studiesPercentage": "1.29", "participants": "11805", "participantsPercentage": "0.09"}, "33": {"country": "Sweden", "population": "9910701", "studies": "10", "studiesPercentage": "1.29", "participants": "29776", "participantsPercentage": "0.23"}, "34": {"country": "Switzerland", "population": "8476005", "studies": "5", "studiesPercentage": "0.65", "participants": "4129", "participantsPercentage": "0.03"}, "35": {"country": "Taiwan", "population": "23626456", "studies": "4", "studiesPercentage": "0.52", "participants": "971", "participantsPercentage": "0.01"}, "36": {"country": "United Kingdom", "population": "66181585", "studies": "98", "studiesPercentage": "12.66", "participants": "9209350", "participantsPercentage": "72.32"}, "37": {"country": "United States", "population": "324459463", "studies": "341", "studiesPercentage": "44.06", "participants": "1958894", "participantsPercentage": "15.38"}}, "2017": {"0": {"country": "Australia", "population": "24450561", "studies": "8", "studiesPercentage": "0.31", "participants": "8168", "participantsPercentage": "0.05"}, "1": {"country": "Austria", "population": "8735453", "studies": "3", "studiesPercentage": "0.12", "participants": "5793", "participantsPercentage": "0.03"}, "2": {"country": "Bangladesh", "population": "164669751", "studies": "3", "studiesPercentage": "0.12", "participants": "6055", "participantsPercentage": "0.04"}, "3": {"country": "Botswana", "population": "2291661", "studies": "1", "studiesPercentage": "0.04", "participants": "556", "participantsPercentage": "0.0"}, "4": {"country": "Brazil", "population": "209288278", "studies": "8", "studiesPercentage": "0.31", "participants": "15028", "participantsPercentage": "0.09"}, "5": {"country": "Canada", "population": "36624199", "studies": "14", "studiesPercentage": "0.55", "participants": "4702", "participantsPercentage": "0.03"}, "6": {"country": "China", "population": "1409517397", "studies": "74", "studiesPercentage": "2.9", "participants": "269887", "participantsPercentage": "1.63"}, "7": {"country": "Czechia", "population": "10618303", "studies": "1", "studiesPercentage": "0.04", "participants": "566", "participantsPercentage": "0.0"}, "8": {"country": "Denmark", "population": "5733551", "studies": "5", "studiesPercentage": "0.2", "participants": "16608", "participantsPercentage": "0.1"}, "9": {"country": "Ethiopia", "population": "104957438", "studies": "4", "studiesPercentage": "0.16", "participants": "682", "participantsPercentage": "0.0"}, "10": {"country": "Fiji", "population": "905502", "studies": "1", "studiesPercentage": "0.04", "participants": "319", "participantsPercentage": "0.0"}, "11": {"country": "Finland", "population": "5523231", "studies": "106", "studiesPercentage": "4.15", "participants": "745136", "participantsPercentage": "4.5"}, "12": {"country": "France", "population": "64979548", "studies": "35", "studiesPercentage": "1.37", "participants": "21433", "participantsPercentage": "0.13"}, "13": {"country": "Gambia, The", "population": "2100568", "studies": "1", "studiesPercentage": "0.04", "participants": "2698", "participantsPercentage": "0.02"}, "14": {"country": "Germany", "population": "82114224", "studies": "1142", "studiesPercentage": "44.75", "participants": "1169048", "participantsPercentage": "7.06"}, "15": {"country": "Ghana", "population": "28833629", "studies": "1", "studiesPercentage": "0.04", "participants": "932", "participantsPercentage": "0.01"}, "16": {"country": "Greece", "population": "11159773", "studies": "31", "studiesPercentage": "1.21", "participants": "99603", "participantsPercentage": "0.6"}, "17": {"country": "Guatemala", "population": "16913503", "studies": "1", "studiesPercentage": "0.04", "participants": "96", "participantsPercentage": "0.0"}, "18": {"country": "Iceland", "population": "335025", "studies": "17", "studiesPercentage": "0.67", "participants": "1155605", "participantsPercentage": "6.98"}, "19": {"country": "India", "population": "1339180127", "studies": "4", "studiesPercentage": "0.16", "participants": "8018", "participantsPercentage": "0.05"}, "20": {"country": "Italy", "population": "59359900", "studies": "12", "studiesPercentage": "0.47", "participants": "9144", "participantsPercentage": "0.06"}, "21": {"country": "Japan", "population": "127484450", "studies": "52", "studiesPercentage": "2.04", "participants": "633975", "participantsPercentage": "3.83"}, "22": {"country": "Jordan", "population": "9702353", "studies": "1", "studiesPercentage": "0.04", "participants": "281", "participantsPercentage": "0.0"}, "23": {"country": "Korea, South", "population": "50982212", "studies": "48", "studiesPercentage": "1.88", "participants": "235883", "participantsPercentage": "1.42"}, "24": {"country": "Mexico", "population": "129163276", "studies": "7", "studiesPercentage": "0.27", "participants": "2917", "participantsPercentage": "0.02"}, "25": {"country": "Mongolia", "population": "3075647", "studies": "1", "studiesPercentage": "0.04", "participants": "542", "participantsPercentage": "0.0"}, "26": {"country": "Mozambique", "population": "29668834", "studies": "2", "studiesPercentage": "0.08", "participants": "70", "participantsPercentage": "0.0"}, "27": {"country": "Netherlands", "population": "17035938", "studies": "22", "studiesPercentage": "0.86", "participants": "143671", "participantsPercentage": "0.87"}, "28": {"country": "Nigeria", "population": "190886311", "studies": "1", "studiesPercentage": "0.04", "participants": "1056", "participantsPercentage": "0.01"}, "29": {"country": "Pakistan", "population": "197015955", "studies": "3", "studiesPercentage": "0.12", "participants": "16188", "participantsPercentage": "0.1"}, "30": {"country": "Philippines", "population": "104918090", "studies": "31", "studiesPercentage": "1.21", "participants": "43928", "participantsPercentage": "0.27"}, "31": {"country": "Poland", "population": "38170712", "studies": "4", "studiesPercentage": "0.16", "participants": "5745", "participantsPercentage": "0.03"}, "32": {"country": "Puerto Rico", "population": "3663131", "studies": "4", "studiesPercentage": "0.16", "participants": "864", "participantsPercentage": "0.01"}, "33": {"country": "Singapore", "population": "5708844", "studies": "4", "studiesPercentage": "0.16", "participants": "11786", "participantsPercentage": "0.07"}, "34": {"country": "Slovenia", "population": "2079976", "studies": "2", "studiesPercentage": "0.08", "participants": "355", "participantsPercentage": "0.0"}, "35": {"country": "South Africa", "population": "56717156", "studies": "4", "studiesPercentage": "0.16", "participants": "912", "participantsPercentage": "0.01"}, "36": {"country": "Spain", "population": "46354321", "studies": "3", "studiesPercentage": "0.12", "participants": "1445", "participantsPercentage": "0.01"}, "37": {"country": "Sweden", "population": "9910701", "studies": "27", "studiesPercentage": "1.06", "participants": "83821", "participantsPercentage": "0.51"}, "38": {"country": "Switzerland", "population": "8476005", "studies": "2", "studiesPercentage": "0.08", "participants": "458", "participantsPercentage": "0.0"}, "39": {"country": "Taiwan", "population": "23626456", "studies": "12", "studiesPercentage": "0.47", "participants": "40560", "participantsPercentage": "0.24"}, "40": {"country": "Thailand", "population": "69037513", "studies": "2", "studiesPercentage": "0.08", "participants": "2296", "participantsPercentage": "0.01"}, "41": {"country": "Turkey", "population": "80745020", "studies": "1", "studiesPercentage": "0.04", "participants": "787", "participantsPercentage": "0.0"}, "42": {"country": "Uganda", "population": "42862958", "studies": "5", "studiesPercentage": "0.2", "participants": "7543", "participantsPercentage": "0.05"}, "43": {"country": "United Kingdom", "population": "66181585", "studies": "201", "studiesPercentage": "7.88", "participants": "8127270", "participantsPercentage": "49.07"}, "44": {"country": "United States", "population": "324459463", "studies": "640", "studiesPercentage": "25.08", "participants": "3658651", "participantsPercentage": "22.09"}, "45": {"country": "Yemen", "population": "28250420", "studies": "1", "studiesPercentage": "0.04", "participants": "589", "participantsPercentage": "0.0"}}, "2018": {"0": {"country": "Australia", "population": "24450561", "studies": "17", "studiesPercentage": "1.16", "participants": "35089", "participantsPercentage": "0.06"}, "1": {"country": "Austria", "population": "8735453", "studies": "1", "studiesPercentage": "0.07", "participants": "2234", "participantsPercentage": "0.0"}, "2": {"country": "Bangladesh", "population": "164669751", "studies": "5", "studiesPercentage": "0.34", "participants": "4032", "participantsPercentage": "0.01"}, "3": {"country": "Brazil", "population": "209288278", "studies": "2", "studiesPercentage": "0.14", "participants": "266", "participantsPercentage": "0.0"}, "4": {"country": "Canada", "population": "36624199", "studies": "10", "studiesPercentage": "0.68", "participants": "28686", "participantsPercentage": "0.05"}, "5": {"country": "China", "population": "1409517397", "studies": "120", "studiesPercentage": "8.22", "participants": "196389", "participantsPercentage": "0.36"}, "6": {"country": "Croatia", "population": "4189353", "studies": "6", "studiesPercentage": "0.41", "participants": "11915", "participantsPercentage": "0.02"}, "7": {"country": "Denmark", "population": "5733551", "studies": "12", "studiesPercentage": "0.82", "participants": "132720", "participantsPercentage": "0.24"}, "8": {"country": "Estonia", "population": "1309632", "studies": "1", "studiesPercentage": "0.07", "participants": "16226", "participantsPercentage": "0.03"}, "9": {"country": "Finland", "population": "5523231", "studies": "33", "studiesPercentage": "2.26", "participants": "146719", "participantsPercentage": "0.27"}, "10": {"country": "France", "population": "64979548", "studies": "37", "studiesPercentage": "2.53", "participants": "36759", "participantsPercentage": "0.07"}, "11": {"country": "Germany", "population": "82114224", "studies": "13", "studiesPercentage": "0.89", "participants": "28724", "participantsPercentage": "0.05"}, "12": {"country": "Greece", "population": "11159773", "studies": "6", "studiesPercentage": "0.41", "participants": "10128", "participantsPercentage": "0.02"}, "13": {"country": "Greenland", "population": "56480", "studies": "2", "studiesPercentage": "0.14", "participants": "6997", "participantsPercentage": "0.01"}, "14": {"country": "Iceland", "population": "335025", "studies": "15", "studiesPercentage": "1.03", "participants": "3065020", "participantsPercentage": "5.56"}, "15": {"country": "India", "population": "1339180127", "studies": "3", "studiesPercentage": "0.21", "participants": "1374", "participantsPercentage": "0.0"}, "16": {"country": "Indonesia", "population": "263991379", "studies": "1", "studiesPercentage": "0.07", "participants": "130", "participantsPercentage": "0.0"}, "17": {"country": "Ireland", "population": "4761657", "studies": "3", "studiesPercentage": "0.21", "participants": "6696", "participantsPercentage": "0.01"}, "18": {"country": "Israel", "population": "8321570", "studies": "15", "studiesPercentage": "1.03", "participants": "18548", "participantsPercentage": "0.03"}, "19": {"country": "Italy", "population": "59359900", "studies": "5", "studiesPercentage": "0.34", "participants": "2126", "participantsPercentage": "0.0"}, "20": {"country": "Japan", "population": "127484450", "studies": "182", "studiesPercentage": "12.47", "participants": "6899189", "participantsPercentage": "12.51"}, "21": {"country": "Kenya", "population": "49699862", "studies": "1", "studiesPercentage": "0.07", "participants": "2857", "participantsPercentage": "0.01"}, "22": {"country": "Korea, South", "population": "50982212", "studies": "55", "studiesPercentage": "3.77", "participants": "205404", "participantsPercentage": "0.37"}, "23": {"country": "Kuwait", "population": "4136528", "studies": "8", "studiesPercentage": "0.55", "participants": "10116", "participantsPercentage": "0.02"}, "24": {"country": "Malaysia", "population": "31624264", "studies": "1", "studiesPercentage": "0.07", "participants": "771", "participantsPercentage": "0.0"}, "25": {"country": "Mexico", "population": "129163276", "studies": "4", "studiesPercentage": "0.27", "participants": "3169", "participantsPercentage": "0.01"}, "26": {"country": "Nepal", "population": "29304998", "studies": "57", "studiesPercentage": "3.9", "participants": "41404", "participantsPercentage": "0.08"}, "27": {"country": "Netherlands", "population": "17035938", "studies": "38", "studiesPercentage": "2.6", "participants": "100856", "participantsPercentage": "0.18"}, "28": {"country": "Nigeria", "population": "190886311", "studies": "14", "studiesPercentage": "0.96", "participants": "15510", "participantsPercentage": "0.03"}, "29": {"country": "Norway", "population": "5305383", "studies": "10", "studiesPercentage": "0.68", "participants": "75619", "participantsPercentage": "0.14"}, "30": {"country": "Pakistan", "population": "197015955", "studies": "3", "studiesPercentage": "0.21", "participants": "21212", "participantsPercentage": "0.04"}, "31": {"country": "Peru", "population": "32165485", "studies": "1", "studiesPercentage": "0.07", "participants": "2512", "participantsPercentage": "0.0"}, "32": {"country": "Philippines", "population": "104918090", "studies": "8", "studiesPercentage": "0.55", "participants": "14120", "participantsPercentage": "0.03"}, "33": {"country": "Portugal", "population": "10329506", "studies": "1", "studiesPercentage": "0.07", "participants": "306", "participantsPercentage": "0.0"}, "34": {"country": "Russia", "population": "143989754", "studies": "1", "studiesPercentage": "0.07", "participants": "1468", "participantsPercentage": "0.0"}, "35": {"country": "Singapore", "population": "5708844", "studies": "11", "studiesPercentage": "0.75", "participants": "15888", "participantsPercentage": "0.03"}, "36": {"country": "South Africa", "population": "56717156", "studies": "4", "studiesPercentage": "0.27", "participants": "6095", "participantsPercentage": "0.01"}, "37": {"country": "Spain", "population": "46354321", "studies": "18", "studiesPercentage": "1.23", "participants": "51728", "participantsPercentage": "0.09"}, "38": {"country": "Sweden", "population": "9910701", "studies": "12", "studiesPercentage": "0.82", "participants": "21113", "participantsPercentage": "0.04"}, "39": {"country": "Taiwan", "population": "23626456", "studies": "10", "studiesPercentage": "0.68", "participants": "42021", "participantsPercentage": "0.08"}, "40": {"country": "Tanzania", "population": "57310019", "studies": "2", "studiesPercentage": "0.14", "participants": "1828", "participantsPercentage": "0.0"}, "41": {"country": "Thailand", "population": "69037513", "studies": "4", "studiesPercentage": "0.27", "participants": "3518", "participantsPercentage": "0.01"}, "42": {"country": "Uganda", "population": "42862958", "studies": "3", "studiesPercentage": "0.21", "participants": "2335", "participantsPercentage": "0.0"}, "43": {"country": "United Arab Emirates", "population": "9400145", "studies": "1", "studiesPercentage": "0.07", "participants": "502", "participantsPercentage": "0.0"}, "44": {"country": "United Kingdom", "population": "66181585", "studies": "217", "studiesPercentage": "14.86", "participants": "38828800", "participantsPercentage": "70.39"}, "45": {"country": "United States", "population": "324459463", "studies": "486", "studiesPercentage": "33.29", "participants": "5046070", "participantsPercentage": "9.15"}, "46": {"country": "Venezuela", "population": "31977065", "studies": "1", "studiesPercentage": "0.07", "participants": "374", "participantsPercentage": "0.0"}}, "2019": {"0": {"country": "Argentina", "population": "44271041", "studies": "1", "studiesPercentage": "0.05", "participants": "1194", "participantsPercentage": "0.0"}, "1": {"country": "Australia", "population": "24450561", "studies": "9", "studiesPercentage": "0.45", "participants": "11392", "participantsPercentage": "0.02"}, "2": {"country": "Benin", "population": "11175692", "studies": "4", "studiesPercentage": "0.2", "participants": "1550", "participantsPercentage": "0.0"}, "3": {"country": "Brazil", "population": "209288278", "studies": "8", "studiesPercentage": "0.4", "participants": "2715", "participantsPercentage": "0.0"}, "4": {"country": "Burkina Faso", "population": "19193382", "studies": "1", "studiesPercentage": "0.05", "participants": "53", "participantsPercentage": "0.0"}, "5": {"country": "Canada", "population": "36624199", "studies": "7", "studiesPercentage": "0.35", "participants": "3422", "participantsPercentage": "0.0"}, "6": {"country": "Chile", "population": "18054726", "studies": "2", "studiesPercentage": "0.1", "participants": "2738", "participantsPercentage": "0.0"}, "7": {"country": "China", "population": "1409517397", "studies": "79", "studiesPercentage": "3.92", "participants": "308566", "participantsPercentage": "0.44"}, "8": {"country": "Croatia", "population": "4189353", "studies": "12", "studiesPercentage": "0.6", "participants": "14193", "participantsPercentage": "0.02"}, "9": {"country": "Cuba", "population": "11484636", "studies": "1", "studiesPercentage": "0.05", "participants": "762", "participantsPercentage": "0.0"}, "10": {"country": "Czechia", "population": "10618303", "studies": "1", "studiesPercentage": "0.05", "participants": "7", "participantsPercentage": "0.0"}, "11": {"country": "Denmark", "population": "5733551", "studies": "20", "studiesPercentage": "0.99", "participants": "641755", "participantsPercentage": "0.91"}, "12": {"country": "Egypt", "population": "97553151", "studies": "2", "studiesPercentage": "0.1", "participants": "1205", "participantsPercentage": "0.0"}, "13": {"country": "Finland", "population": "5523231", "studies": "53", "studiesPercentage": "2.63", "participants": "294354", "participantsPercentage": "0.42"}, "14": {"country": "France", "population": "64979548", "studies": "10", "studiesPercentage": "0.5", "participants": "9068", "participantsPercentage": "0.01"}, "15": {"country": "Germany", "population": "82114224", "studies": "12", "studiesPercentage": "0.6", "participants": "46635", "participantsPercentage": "0.07"}, "16": {"country": "Greece", "population": "11159773", "studies": "9", "studiesPercentage": "0.45", "participants": "11025", "participantsPercentage": "0.02"}, "17": {"country": "Iceland", "population": "335025", "studies": "42", "studiesPercentage": "2.08", "participants": "3112301", "participantsPercentage": "4.41"}, "18": {"country": "India", "population": "1339180127", "studies": "14", "studiesPercentage": "0.69", "participants": "39053", "participantsPercentage": "0.06"}, "19": {"country": "Indonesia", "population": "263991379", "studies": "1", "studiesPercentage": "0.05", "participants": "173", "participantsPercentage": "0.0"}, "20": {"country": "Iran", "population": "81162788", "studies": "1", "studiesPercentage": "0.05", "participants": "1176", "participantsPercentage": "0.0"}, "21": {"country": "Italy", "population": "59359900", "studies": "1", "studiesPercentage": "0.05", "participants": "294", "participantsPercentage": "0.0"}, "22": {"country": "Japan", "population": "127484450", "studies": "82", "studiesPercentage": "4.07", "participants": "2744082", "participantsPercentage": "3.89"}, "23": {"country": "Kenya", "population": "49699862", "studies": "1", "studiesPercentage": "0.05", "participants": "883", "participantsPercentage": "0.0"}, "24": {"country": "Korea, South", "population": "50982212", "studies": "75", "studiesPercentage": "3.72", "participants": "529643", "participantsPercentage": "0.75"}, "25": {"country": "Lebanon", "population": "6082357", "studies": "1", "studiesPercentage": "0.05", "participants": "2700", "participantsPercentage": "0.0"}, "26": {"country": "Mexico", "population": "129163276", "studies": "3", "studiesPercentage": "0.15", "participants": "1693", "participantsPercentage": "0.0"}, "27": {"country": "Netherlands", "population": "17035938", "studies": "23", "studiesPercentage": "1.14", "participants": "99523", "participantsPercentage": "0.14"}, "28": {"country": "Nigeria", "population": "190886311", "studies": "1", "studiesPercentage": "0.05", "participants": "170", "participantsPercentage": "0.0"}, "29": {"country": "Norway", "population": "5305383", "studies": "28", "studiesPercentage": "1.39", "participants": "280834", "participantsPercentage": "0.4"}, "30": {"country": "Papua New Guinea", "population": "8251162", "studies": "1", "studiesPercentage": "0.05", "participants": "776", "participantsPercentage": "0.0"}, "31": {"country": "Peru", "population": "32165485", "studies": "2", "studiesPercentage": "0.1", "participants": "4292", "participantsPercentage": "0.01"}, "32": {"country": "Poland", "population": "38170712", "studies": "1", "studiesPercentage": "0.05", "participants": "126", "participantsPercentage": "0.0"}, "33": {"country": "Qatar", "population": "2639211", "studies": "1", "studiesPercentage": "0.05", "participants": "327", "participantsPercentage": "0.0"}, "34": {"country": "Russia", "population": "143989754", "studies": "1", "studiesPercentage": "0.05", "participants": "725", "participantsPercentage": "0.0"}, "35": {"country": "Saudi Arabia", "population": "32938213", "studies": "4", "studiesPercentage": "0.2", "participants": "1416", "participantsPercentage": "0.0"}, "36": {"country": "Singapore", "population": "5708844", "studies": "20", "studiesPercentage": "0.99", "participants": "41444", "participantsPercentage": "0.06"}, "37": {"country": "South Africa", "population": "56717156", "studies": "3", "studiesPercentage": "0.15", "participants": "4208", "participantsPercentage": "0.01"}, "38": {"country": "Spain", "population": "46354321", "studies": "35", "studiesPercentage": "1.74", "participants": "81381", "participantsPercentage": "0.12"}, "39": {"country": "Sri Lanka", "population": "20876917", "studies": "24", "studiesPercentage": "1.19", "participants": "38371", "participantsPercentage": "0.05"}, "40": {"country": "Sweden", "population": "9910701", "studies": "13", "studiesPercentage": "0.64", "participants": "36079", "participantsPercentage": "0.05"}, "41": {"country": "Taiwan", "population": "23626456", "studies": "7", "studiesPercentage": "0.35", "participants": "38680", "participantsPercentage": "0.05"}, "42": {"country": "Thailand", "population": "69037513", "studies": "1", "studiesPercentage": "0.05", "participants": "318", "participantsPercentage": "0.0"}, "43": {"country": "Turkey", "population": "80745020", "studies": "1", "studiesPercentage": "0.05", "participants": "1828", "participantsPercentage": "0.0"}, "44": {"country": "Uganda", "population": "42862958", "studies": "20", "studiesPercentage": "0.99", "participants": "44765", "participantsPercentage": "0.06"}, "45": {"country": "United Kingdom", "population": "66181585", "studies": "335", "studiesPercentage": "16.62", "participants": "53725383", "participantsPercentage": "76.19"}, "46": {"country": "United States", "population": "324459463", "studies": "1042", "studiesPercentage": "51.69", "participants": "8330160", "participantsPercentage": "11.81"}, "47": {"country": "Vietnam", "population": "95540800", "studies": "1", "studiesPercentage": "0.05", "participants": "1264", "participantsPercentage": "0.0"}}, "2020": {"0": {"country": "Australia", "population": "24450561", "studies": "3", "studiesPercentage": "0.09", "participants": "5952", "participantsPercentage": "0.0"}, "1": {"country": "Bangladesh", "population": "164669751", "studies": "1", "studiesPercentage": "0.03", "participants": "1056", "participantsPercentage": "0.0"}, "2": {"country": "Belgium", "population": "11429336", "studies": "2", "studiesPercentage": "0.06", "participants": "4446", "participantsPercentage": "0.0"}, "3": {"country": "Benin", "population": "11175692", "studies": "4", "studiesPercentage": "0.12", "participants": "2353", "participantsPercentage": "0.0"}, "4": {"country": "Brazil", "population": "209288278", "studies": "24", "studiesPercentage": "0.74", "participants": "71955", "participantsPercentage": "0.05"}, "5": {"country": "Canada", "population": "36624199", "studies": "6", "studiesPercentage": "0.18", "participants": "4740", "participantsPercentage": "0.0"}, "6": {"country": "Chile", "population": "18054726", "studies": "2", "studiesPercentage": "0.06", "participants": "814", "participantsPercentage": "0.0"}, "7": {"country": "China", "population": "1409517397", "studies": "66", "studiesPercentage": "2.03", "participants": "239515", "participantsPercentage": "0.15"}, "8": {"country": "Croatia", "population": "4189353", "studies": "1", "studiesPercentage": "0.03", "participants": "345", "participantsPercentage": "0.0"}, "9": {"country": "Czechia", "population": "10618303", "studies": "1", "studiesPercentage": "0.03", "participants": "508", "participantsPercentage": "0.0"}, "10": {"country": "Denmark", "population": "5733551", "studies": "32", "studiesPercentage": "0.99", "participants": "505394", "participantsPercentage": "0.33"}, "11": {"country": "Finland", "population": "5523231", "studies": "16", "studiesPercentage": "0.49", "participants": "630422", "participantsPercentage": "0.41"}, "12": {"country": "Germany", "population": "82114224", "studies": "22", "studiesPercentage": "0.68", "participants": "42607", "participantsPercentage": "0.03"}, "13": {"country": "Greece", "population": "11159773", "studies": "257", "studiesPercentage": "7.92", "participants": "331595", "participantsPercentage": "0.21"}, "14": {"country": "Greenland", "population": "56480", "studies": "1", "studiesPercentage": "0.03", "participants": "1529", "participantsPercentage": "0.0"}, "15": {"country": "Iceland", "population": "335025", "studies": "3", "studiesPercentage": "0.09", "participants": "390306", "participantsPercentage": "0.25"}, "16": {"country": "India", "population": "1339180127", "studies": "4", "studiesPercentage": "0.12", "participants": "9359", "participantsPercentage": "0.01"}, "17": {"country": "Israel", "population": "8321570", "studies": "2", "studiesPercentage": "0.06", "participants": "295", "participantsPercentage": "0.0"}, "18": {"country": "Italy", "population": "59359900", "studies": "739", "studiesPercentage": "22.78", "participants": "2313936", "participantsPercentage": "1.5"}, "19": {"country": "Japan", "population": "127484450", "studies": "221", "studiesPercentage": "6.81", "participants": "19087050", "participantsPercentage": "12.35"}, "20": {"country": "Kazakhstan", "population": "18204499", "studies": "4", "studiesPercentage": "0.12", "participants": "3532", "participantsPercentage": "0.0"}, "21": {"country": "Kenya", "population": "49699862", "studies": "5", "studiesPercentage": "0.15", "participants": "855", "participantsPercentage": "0.0"}, "22": {"country": "Korea, South", "population": "50982212", "studies": "67", "studiesPercentage": "2.07", "participants": "423413", "participantsPercentage": "0.27"}, "23": {"country": "Kuwait", "population": "4136528", "studies": "15", "studiesPercentage": "0.46", "participants": "38045", "participantsPercentage": "0.02"}, "24": {"country": "Netherlands", "population": "17035938", "studies": "10", "studiesPercentage": "0.31", "participants": "32380", "participantsPercentage": "0.02"}, "25": {"country": "Nigeria", "population": "190886311", "studies": "10", "studiesPercentage": "0.31", "participants": "13643", "participantsPercentage": "0.01"}, "26": {"country": "Norway", "population": "5305383", "studies": "3", "studiesPercentage": "0.09", "participants": "94856", "participantsPercentage": "0.06"}, "27": {"country": "Pakistan", "population": "197015955", "studies": "3", "studiesPercentage": "0.09", "participants": "33634", "participantsPercentage": "0.02"}, "28": {"country": "Peru", "population": "32165485", "studies": "6", "studiesPercentage": "0.18", "participants": "14552", "participantsPercentage": "0.01"}, "29": {"country": "Poland", "population": "38170712", "studies": "5", "studiesPercentage": "0.15", "participants": "28641", "participantsPercentage": "0.02"}, "30": {"country": "Qatar", "population": "2639211", "studies": "4", "studiesPercentage": "0.12", "participants": "56075", "participantsPercentage": "0.04"}, "31": {"country": "Romania", "population": "19679306", "studies": "1", "studiesPercentage": "0.03", "participants": "5434", "participantsPercentage": "0.0"}, "32": {"country": "Samoa", "population": "196440", "studies": "4", "studiesPercentage": "0.12", "participants": "11396", "participantsPercentage": "0.01"}, "33": {"country": "Saudi Arabia", "population": "32938213", "studies": "1", "studiesPercentage": "0.03", "participants": "90", "participantsPercentage": "0.0"}, "34": {"country": "Singapore", "population": "5708844", "studies": "16", "studiesPercentage": "0.49", "participants": "37953", "participantsPercentage": "0.02"}, "35": {"country": "South Africa", "population": "56717156", "studies": "1", "studiesPercentage": "0.03", "participants": "718", "participantsPercentage": "0.0"}, "36": {"country": "Spain", "population": "46354321", "studies": "19", "studiesPercentage": "0.59", "participants": "6387", "participantsPercentage": "0.0"}, "37": {"country": "Sweden", "population": "9910701", "studies": "11", "studiesPercentage": "0.34", "participants": "16592", "participantsPercentage": "0.01"}, "38": {"country": "Switzerland", "population": "8476005", "studies": "2", "studiesPercentage": "0.06", "participants": "457", "participantsPercentage": "0.0"}, "39": {"country": "Taiwan", "population": "23626456", "studies": "16", "studiesPercentage": "0.49", "participants": "68716", "participantsPercentage": "0.04"}, "40": {"country": "Thailand", "population": "69037513", "studies": "2", "studiesPercentage": "0.06", "participants": "4674", "participantsPercentage": "0.0"}, "41": {"country": "Uganda", "population": "42862958", "studies": "5", "studiesPercentage": "0.15", "participants": "21825", "participantsPercentage": "0.01"}, "42": {"country": "United Arab Emirates", "population": "9400145", "studies": "1", "studiesPercentage": "0.03", "participants": "452", "participantsPercentage": "0.0"}, "43": {"country": "United Kingdom", "population": "66181585", "studies": "871", "studiesPercentage": "26.85", "participants": "124198411", "participantsPercentage": "80.34"}, "44": {"country": "United States", "population": "324459463", "studies": "753", "studiesPercentage": "23.21", "participants": "5837487", "participantsPercentage": "3.78"}, "45": {"country": "Vietnam", "population": "95540800", "studies": "2", "studiesPercentage": "0.06", "participants": "3618", "participantsPercentage": "0.0"}}, "2021": {"0": {"country": "Argentina", "population": "44271041", "studies": "1", "studiesPercentage": "0.0", "participants": "213", "participantsPercentage": "0.0"}, "1": {"country": "Australia", "population": "24450561", "studies": "10", "studiesPercentage": "0.04", "participants": "16720", "participantsPercentage": "0.0"}, "2": {"country": "Bangladesh", "population": "164669751", "studies": "1", "studiesPercentage": "0.0", "participants": "589", "participantsPercentage": "0.0"}, "3": {"country": "Belgium", "population": "11429336", "studies": "4", "studiesPercentage": "0.01", "participants": "1502", "participantsPercentage": "0.0"}, "4": {"country": "Botswana", "population": "2291661", "studies": "2", "studiesPercentage": "0.01", "participants": "766", "participantsPercentage": "0.0"}, "5": {"country": "Brazil", "population": "209288278", "studies": "14", "studiesPercentage": "0.05", "participants": "9894", "participantsPercentage": "0.0"}, "6": {"country": "Canada", "population": "36624199", "studies": "23", "studiesPercentage": "0.08", "participants": "46510", "participantsPercentage": "0.0"}, "7": {"country": "Chile", "population": "18054726", "studies": "6", "studiesPercentage": "0.02", "participants": "4288", "participantsPercentage": "0.0"}, "8": {"country": "China", "population": "1409517397", "studies": "2168", "studiesPercentage": "7.76", "participants": "2598011", "participantsPercentage": "0.07"}, "9": {"country": "Colombia", "population": "49065615", "studies": "2", "studiesPercentage": "0.01", "participants": "2389", "participantsPercentage": "0.0"}, "10": {"country": "Costa Rica", "population": "4905769", "studies": "2", "studiesPercentage": "0.01", "participants": "5352", "participantsPercentage": "0.0"}, "11": {"country": "Denmark", "population": "5733551", "studies": "21", "studiesPercentage": "0.08", "participants": "264024", "participantsPercentage": "0.01"}, "12": {"country": "Estonia", "population": "1309632", "studies": "4", "studiesPercentage": "0.01", "participants": "318595", "participantsPercentage": "0.01"}, "13": {"country": "Ethiopia", "population": "104957438", "studies": "1", "studiesPercentage": "0.0", "participants": "2289", "participantsPercentage": "0.0"}, "14": {"country": "Finland", "population": "5523231", "studies": "11", "studiesPercentage": "0.04", "participants": "619477", "participantsPercentage": "0.02"}, "15": {"country": "France", "population": "64979548", "studies": "3", "studiesPercentage": "0.01", "participants": "2005", "participantsPercentage": "0.0"}, "16": {"country": "Germany", "population": "82114224", "studies": "457", "studiesPercentage": "1.63", "participants": "3934865", "participantsPercentage": "0.1"}, "17": {"country": "Hungary", "population": "9721559", "studies": "5", "studiesPercentage": "0.02", "participants": "3875", "participantsPercentage": "0.0"}, "18": {"country": "Iceland", "population": "335025", "studies": "1", "studiesPercentage": "0.0", "participants": "309471", "participantsPercentage": "0.01"}, "19": {"country": "India", "population": "1339180127", "studies": "8", "studiesPercentage": "0.03", "participants": "16631", "participantsPercentage": "0.0"}, "20": {"country": "Indonesia", "population": "263991379", "studies": "1", "studiesPercentage": "0.0", "participants": "173", "participantsPercentage": "0.0"}, "21": {"country": "Iran", "population": "81162788", "studies": "6", "studiesPercentage": "0.02", "participants": "18202", "participantsPercentage": "0.0"}, "22": {"country": "Israel", "population": "8321570", "studies": "225", "studiesPercentage": "0.8", "participants": "108225", "participantsPercentage": "0.0"}, "23": {"country": "Italy", "population": "59359900", "studies": "6", "studiesPercentage": "0.02", "participants": "18891", "participantsPercentage": "0.0"}, "24": {"country": "Japan", "population": "127484450", "studies": "515", "studiesPercentage": "1.84", "participants": "71637611", "participantsPercentage": "1.91"}, "25": {"country": "Korea, South", "population": "50982212", "studies": "318", "studiesPercentage": "1.14", "participants": "1370452", "participantsPercentage": "0.04"}, "26": {"country": "Latvia", "population": "1949670", "studies": "4", "studiesPercentage": "0.01", "participants": "2361", "participantsPercentage": "0.0"}, "27": {"country": "Lebanon", "population": "6082357", "studies": "3", "studiesPercentage": "0.01", "participants": "7473", "participantsPercentage": "0.0"}, "28": {"country": "Malaysia", "population": "31624264", "studies": "12", "studiesPercentage": "0.04", "participants": "8490", "participantsPercentage": "0.0"}, "29": {"country": "Mexico", "population": "129163276", "studies": "4", "studiesPercentage": "0.01", "participants": "102734", "participantsPercentage": "0.0"}, "30": {"country": "Netherlands", "population": "17035938", "studies": "627", "studiesPercentage": "2.24", "participants": "3694464", "participantsPercentage": "0.1"}, "31": {"country": "Nigeria", "population": "190886311", "studies": "8", "studiesPercentage": "0.03", "participants": "1306", "participantsPercentage": "0.0"}, "32": {"country": "Norway", "population": "5305383", "studies": "18", "studiesPercentage": "0.06", "participants": "152014", "participantsPercentage": "0.0"}, "33": {"country": "Pakistan", "population": "197015955", "studies": "445", "studiesPercentage": "1.59", "participants": "2519590", "participantsPercentage": "0.07"}, "34": {"country": "Peru", "population": "32165485", "studies": "3", "studiesPercentage": "0.01", "participants": "2181", "participantsPercentage": "0.0"}, "35": {"country": "Philippines", "population": "104918090", "studies": "1", "studiesPercentage": "0.0", "participants": "353", "participantsPercentage": "0.0"}, "36": {"country": "Poland", "population": "38170712", "studies": "1", "studiesPercentage": "0.0", "participants": "6190", "participantsPercentage": "0.0"}, "37": {"country": "Qatar", "population": "2639211", "studies": "53", "studiesPercentage": "0.19", "participants": "310152", "participantsPercentage": "0.01"}, "38": {"country": "Saudi Arabia", "population": "32938213", "studies": "3", "studiesPercentage": "0.01", "participants": "208", "participantsPercentage": "0.0"}, "39": {"country": "Singapore", "population": "5708844", "studies": "21", "studiesPercentage": "0.08", "participants": "41421", "participantsPercentage": "0.0"}, "40": {"country": "South Africa", "population": "56717156", "studies": "8", "studiesPercentage": "0.03", "participants": "4333", "participantsPercentage": "0.0"}, "41": {"country": "Spain", "population": "46354321", "studies": "11", "studiesPercentage": "0.04", "participants": "7226", "participantsPercentage": "0.0"}, "42": {"country": "Sweden", "population": "9910701", "studies": "12", "studiesPercentage": "0.04", "participants": "52916", "participantsPercentage": "0.0"}, "43": {"country": "Taiwan", "population": "23626456", "studies": "39", "studiesPercentage": "0.14", "participants": "361209", "participantsPercentage": "0.01"}, "44": {"country": "Tanzania", "population": "57310019", "studies": "63", "studiesPercentage": "0.23", "participants": "163485", "participantsPercentage": "0.0"}, "45": {"country": "Thailand", "population": "69037513", "studies": "2", "studiesPercentage": "0.01", "participants": "7660", "participantsPercentage": "0.0"}, "46": {"country": "Uganda", "population": "42862958", "studies": "3", "studiesPercentage": "0.01", "participants": "7992", "participantsPercentage": "0.0"}, "47": {"country": "United Arab Emirates", "population": "9400145", "studies": "4", "studiesPercentage": "0.01", "participants": "610", "participantsPercentage": "0.0"}, "48": {"country": "United Kingdom", "population": "66181585", "studies": "20777", "studiesPercentage": "74.32", "participants": "3632214290", "participantsPercentage": "96.67"}, "49": {"country": "United States", "population": "324459463", "studies": "2017", "studiesPercentage": "7.21", "participants": "36408632", "participantsPercentage": "0.97"}, "50": {"country": "Vietnam", "population": "95540800", "studies": "2", "studiesPercentage": "0.01", "participants": "924", "participantsPercentage": "0.0"}}, "2022": {"0": {"country": "Australia", "population": "24450561", "studies": "1887", "studiesPercentage": "9.15", "participants": "6635321", "participantsPercentage": "2.13"}, "1": {"country": "Brazil", "population": "209288278", "studies": "2", "studiesPercentage": "0.01", "participants": "4652", "participantsPercentage": "0.0"}, "2": {"country": "Canada", "population": "36624199", "studies": "4", "studiesPercentage": "0.02", "participants": "692", "participantsPercentage": "0.0"}, "3": {"country": "China", "population": "1409517397", "studies": "125", "studiesPercentage": "0.61", "participants": "295227", "participantsPercentage": "0.09"}, "4": {"country": "Croatia", "population": "4189353", "studies": "1", "studiesPercentage": "0.0", "participants": "2190", "participantsPercentage": "0.0"}, "5": {"country": "Denmark", "population": "5733551", "studies": "18", "studiesPercentage": "0.09", "participants": "155966", "participantsPercentage": "0.05"}, "6": {"country": "Finland", "population": "5523231", "studies": "478", "studiesPercentage": "2.32", "participants": "2886890", "participantsPercentage": "0.93"}, "7": {"country": "France", "population": "64979548", "studies": "111", "studiesPercentage": "0.54", "participants": "45573", "participantsPercentage": "0.01"}, "8": {"country": "Germany", "population": "82114224", "studies": "153", "studiesPercentage": "0.74", "participants": "95394", "participantsPercentage": "0.03"}, "9": {"country": "Iceland", "population": "335025", "studies": "4782", "studiesPercentage": "23.19", "participants": "25620222", "participantsPercentage": "8.24"}, "10": {"country": "India", "population": "1339180127", "studies": "2", "studiesPercentage": "0.01", "participants": "1555", "participantsPercentage": "0.0"}, "11": {"country": "Italy", "population": "59359900", "studies": "43", "studiesPercentage": "0.21", "participants": "229630", "participantsPercentage": "0.07"}, "12": {"country": "Japan", "population": "127484450", "studies": "19", "studiesPercentage": "0.09", "participants": "36838", "participantsPercentage": "0.01"}, "13": {"country": "Kenya", "population": "49699862", "studies": "1", "studiesPercentage": "0.0", "participants": "5400", "participantsPercentage": "0.0"}, "14": {"country": "Korea, South", "population": "50982212", "studies": "34", "studiesPercentage": "0.16", "participants": "343949", "participantsPercentage": "0.11"}, "15": {"country": "Malawi", "population": "18622104", "studies": "1", "studiesPercentage": "0.0", "participants": "612", "participantsPercentage": "0.0"}, "16": {"country": "Mali", "population": "18541980", "studies": "1", "studiesPercentage": "0.0", "participants": "519", "participantsPercentage": "0.0"}, "17": {"country": "Mexico", "population": "129163276", "studies": "2", "studiesPercentage": "0.01", "participants": "277584", "participantsPercentage": "0.09"}, "18": {"country": "Netherlands", "population": "17035938", "studies": "419", "studiesPercentage": "2.03", "participants": "3194686", "participantsPercentage": "1.03"}, "19": {"country": "Norway", "population": "5305383", "studies": "12", "studiesPercentage": "0.06", "participants": "234636", "participantsPercentage": "0.08"}, "20": {"country": "Pakistan", "population": "197015955", "studies": "1", "studiesPercentage": "0.0", "participants": "5773", "participantsPercentage": "0.0"}, "21": {"country": "Philippines", "population": "104918090", "studies": "1", "studiesPercentage": "0.0", "participants": "201", "participantsPercentage": "0.0"}, "22": {"country": "Qatar", "population": "2639211", "studies": "1301", "studiesPercentage": "6.31", "participants": "3818435", "participantsPercentage": "1.23"}, "23": {"country": "Saudi Arabia", "population": "32938213", "studies": "1", "studiesPercentage": "0.0", "participants": "202", "participantsPercentage": "0.0"}, "24": {"country": "Serbia", "population": "8790574", "studies": "2", "studiesPercentage": "0.01", "participants": "210", "participantsPercentage": "0.0"}, "25": {"country": "Singapore", "population": "5708844", "studies": "3", "studiesPercentage": "0.01", "participants": "9089", "participantsPercentage": "0.0"}, "26": {"country": "South Africa", "population": "56717156", "studies": "35", "studiesPercentage": "0.17", "participants": "37786", "participantsPercentage": "0.01"}, "27": {"country": "Spain", "population": "46354321", "studies": "11", "studiesPercentage": "0.05", "participants": "13621", "participantsPercentage": "0.0"}, "28": {"country": "Sweden", "population": "9910701", "studies": "12", "studiesPercentage": "0.06", "participants": "31293", "participantsPercentage": "0.01"}, "29": {"country": "Taiwan", "population": "23626456", "studies": "34", "studiesPercentage": "0.16", "participants": "377262", "participantsPercentage": "0.12"}, "30": {"country": "Thailand", "population": "69037513", "studies": "3", "studiesPercentage": "0.01", "participants": "604", "participantsPercentage": "0.0"}, "31": {"country": "United Kingdom", "population": "66181585", "studies": "10004", "studiesPercentage": "48.51", "participants": "256477048", "participantsPercentage": "82.45"}, "32": {"country": "United States", "population": "324459463", "studies": "1120", "studiesPercentage": "5.43", "participants": "10235298", "participantsPercentage": "3.29"}}}