{"Immune system disorder": "immune-system-disorder", "Other measurement": "other-measurement", "Biological process": "biological-process", "Response to drug": "response-to-drug", "Cardiovascular disease": "cardiovascular-disease", "Other disease": "other-disease", "Cancer": "cancer", "Neurological disorder": "neurological-disorder", "Other trait": "other-trait", "Metabolic disorder": "metabolic-disorder", "Digestive system disorder": "digestive-system-disorder", "NR": "nr", "Cardiovascular measurement": "cardiovascular-measurement", "Hematological measurement": "hematological-measurement", "Liver enzyme measurement": "liver-enzyme-measurement", "Lipid or lipoprotein measurement": "lipid-or-lipoprotein-measurement", "Body measurement": "body-measurement", "Inflammatory measurement": "inflammatory-measurement"}