{"number_studies": 6096, "first_study_date": "2005-03-10", "first_study_firstauthor": "Klein RJ", "first_study_pubmedid": 15761122, "last_study_date": "2022-10-19", "last_study_firstauthor": "Moitinho-Silva L", "last_study_pubmedid": 36261456, "number_accessions": 52531, "number_diseasestraits": 40655, "number_mappedtrait": 7391, "found_associations": 434351, "average_associations": 8.2684700462584, "mostcommon_journal": "Nat Commun", "unique_journals": 777, "noneuro_trait": "Type 2 diabetes", "average_pval": 13814412.576641932, "threshold_pvals": 332817, "big_n": 3820698, "large_accesion_firstauthor": "Choquet H", "large_accesion_pubmed": 34127677, "total_european": 95.67, "total_asian": 2.91, "total_african": 0.14, "total_othermixed": 0.69, "total_afamafcam": 0.28, "total_hisorlatinam": 0.31, "discovery_participants_european": 96.17, "discovery_participants_asian": 2.67, "discovery_participants_african": 0.12, "discovery_participants_othermixed": 0.65, "discovery_participants_afamafcam": 0.18, "discovery_participants_hisorlatinam": 0.2, "discovery_studies_european": 76.4, "discovery_studies_asian": 11.08, "discovery_studies_african": 1.44, "discovery_studies_othermixed": 4.63, "discovery_studies_afamafcam": 3.69, "discovery_studies_hisorlatinam": 3.69, "replication_participants_european": 85.54, "replication_participants_asian": 7.73, "replication_participants_african": 0.5, "replication_participants_othermixed": 1.46, "replication_participants_afamafcam": 2.33, "replication_participants_hisorlatinam": 2.44, "replication_studies_european": 52.71, "replication_studies_asian": 21.26, "replication_studies_african": 0.9, "replication_studies_othermixed": 1.47, "replication_studies_afamafcam": 12.2, "replication_studies_hisorlatinam": 12.2, "timeupdated": "2022-11-13 12:49:08", "unmapped_diseases": 9}